{
  "type": "FeatureCollection",
  "features": [
    {
      "type": "Feature",
      "geometry": {
        "type": "Point",
        "coordinates": [
          -0.4421758,
          5.477952
        ]
      },
      "properties": {
        "name": "Kojo Oku Taxi Rank",
        "address": "FHH5+54P, Kojo Oku Rd, Kasoa"
      }
    },
    {
      "type": "Feature",
      "geometry": {
        "type": "Point",
        "coordinates": [
          -0.4275176,
          5.4786112
        ]
      },
      "properties": {
        "name": "Survivors House International",
        "address": "FHHC+FX2, Taxi rank Gonna"
      }
    },
    {
      "type": "Feature",
      "geometry": {
        "type": "Point",
        "coordinates": [
          -0.4412876,
          5.4774014
        ]
      },
      "properties": {
        "name": "First sight Home Enterprise",
        "address": "Nyanyano, Kojo Oku taxi rank, Kasoa"
      }
    },
    {
      "type": "Feature",
      "geometry": {
        "type": "Point",
        "coordinates": [
          -0.4593685,
          5.4957854
        ]
      },
      "properties": {
        "name": "Adamu Taxi Rank",
        "address": "FGWR+86, Kasoa"
      }
    },
    {
      "type": "Feature",
      "geometry": {
        "type": "Point",
        "coordinates": [
          -0.4445905,
          5.4910235
        ]
      },
      "properties": {
        "name": "TexWash",
        "address": "FHR4+C53 Millennium city sector 5 taxi rank, Kasoa"
      }
    },
    {
      "type": "Feature",
      "geometry": {
        "type": "Point",
        "coordinates": [
          -0.4100333,
          5.4986448
        ]
      },
      "properties": {
        "name": "Nubreed Decor",
        "address": "Down Taxi Rank Around Creative Minds School, Kasoa"
      }
    },
    {
      "type": "Feature",
      "geometry": {
        "type": "Point",
        "coordinates": [
          -0.4611675,
          5.5040755
        ]
      },
      "properties": {
        "name": "Roman Estate Taxi Rank",
        "address": "GG4Q+4GR, Kasoa"
      }
    },
    {
      "type": "Feature",
      "geometry": {
        "type": "Point",
        "coordinates": [
          -0.4360887,
          5.519946
        ]
      },
      "properties": {
        "name": "EARLY BLOOMERS MONTESSORI",
        "address": "GH97+XHF, Kasoa, CP Hill Top (Taxi Rank kasoa, CP Hill Top, Kasoa"
      }
    },
    {
      "type": "Feature",
      "geometry": {
        "type": "Point",
        "coordinates": [
          -0.4079792,
          5.5121259
        ]
      },
      "properties": {
        "name": "AheafasGlobe Fashion Designs & Decorations",
        "address": "Kasoa Newtown last. Taxi Rank, Kasoa"
      }
    },
    {
      "type": "Feature",
      "geometry": {
        "type": "Point",
        "coordinates": [
          -0.4083805,
          5.5125028
        ]
      },
      "properties": {
        "name": "IseTech Solutions and I.T Support",
        "address": "Kasoa Newtown last. Taxi Rank, Kasoa"
      }
    },
    {
      "type": "Feature",
      "geometry": {
        "type": "Point",
        "coordinates": [
          -0.3481544,
          5.5207508
        ]
      },
      "properties": {
        "name": "Selasie Taxi Rank",
        "address": "GMC2+8Q, Bortianor"
      }
    },
    {
      "type": "Feature",
      "geometry": {
        "type": "Point",
        "coordinates": [
          -0.3121101,
          5.529983
        ]
      },
      "properties": {
        "name": "O\u2019lleaf Suite - Tetegu Serenity Suite / weija Tetegu",
        "address": "Anwiawia opposite the ambassador's residence, Tetegu Anwiawia taxi rank, Tetegu Anwiawia, Accra"
      }
    },
    {
      "type": "Feature",
      "geometry": {
        "type": "Point",
        "coordinates": [
          -0.2652194,
          5.530162499999999
        ]
      },
      "properties": {
        "name": "Dansoman Last Stop",
        "address": "Dansoman High St, Accra"
      }
    },
    {
      "type": "Feature",
      "geometry": {
        "type": "Point",
        "coordinates": [
          -0.2655380000000001,
          5.530848499999999
        ]
      },
      "properties": {
        "name": "Ebenezer Down Taxi Station",
        "address": "GPJM+8QP, Bamboo St, Accra"
      }
    },
    {
      "type": "Feature",
      "geometry": {
        "type": "Point",
        "coordinates": [
          -0.4402362,
          5.5341885
        ]
      },
      "properties": {
        "name": "KAS Limited \u2013 Luxury Watches & Jewelry",
        "address": "OPEIKUMA TAXI RANK, Opeikuma Road, Kasoa"
      }
    },
    {
      "type": "Feature",
      "geometry": {
        "type": "Point",
        "coordinates": [
          -0.4233012,
          5.5372603
        ]
      },
      "properties": {
        "name": "Kasoa Obom Road Taxi Rank Station",
        "address": "GHPG+XMW, Kasoa"
      }
    },
    {
      "type": "Feature",
      "geometry": {
        "type": "Point",
        "coordinates": [
          -0.4236529,
          5.5337552
        ]
      },
      "properties": {
        "name": "Opeikuma Trotro Stations",
        "address": "GHMG+GG5 Main Kasoa Trotro Station, Kasoa"
      }
    },
    {
      "type": "Feature",
      "geometry": {
        "type": "Point",
        "coordinates": [
          -0.4256193,
          5.5331592
        ]
      },
      "properties": {
        "name": "Nyanyano Kakraba Taxi Rank",
        "address": "GHMF+6RX, Kojo Oku Rd, okie"
      }
    },
    {
      "type": "Feature",
      "geometry": {
        "type": "Point",
        "coordinates": [
          -0.4230588,
          5.5349546
        ]
      },
      "properties": {
        "name": "Kasoa Overhead",
        "address": "Kasoa Overhead, Kasoa"
      }
    },
    {
      "type": "Feature",
      "geometry": {
        "type": "Point",
        "coordinates": [
          -0.4108581,
          5.5355986
        ]
      },
      "properties": {
        "name": "Iron city taxi rank (J)",
        "address": "Accra - Cape Coast Road, Ngleshi Amanfro"
      }
    },
    {
      "type": "Feature",
      "geometry": {
        "type": "Point",
        "coordinates": [
          -0.4127758,
          5.5359538
        ]
      },
      "properties": {
        "name": "Amanfro Taxi Rank, Ngleshi Amanfro, Kasoa",
        "address": "Ngleshi Amanfro"
      }
    },
    {
      "type": "Feature",
      "geometry": {
        "type": "Point",
        "coordinates": [
          -0.4104205,
          5.5352609
        ]
      },
      "properties": {
        "name": "Mama Efia Africa",
        "address": "GHPQ+3R5 Iron city taxi rank (J, Accra - Cape Coast Rd, Ngleshi Amanfro"
      }
    },
    {
      "type": "Feature",
      "geometry": {
        "type": "Point",
        "coordinates": [
          -0.4101065,
          5.5353872
        ]
      },
      "properties": {
        "name": "AB Fast Food",
        "address": "GHPQ+5XC, Iron city taxi rank (J, Accra - Cape Coast Rd, Ngleshi Amanfro"
      }
    },
    {
      "type": "Feature",
      "geometry": {
        "type": "Point",
        "coordinates": [
          -0.4132266,
          5.5358798
        ]
      },
      "properties": {
        "name": "Julie enterprise",
        "address": "GHPP+8PR, Amanfro Taxi Rank, Ngleshi Amanfro, Kasoa, Ngleshi Amanfro"
      }
    },
    {
      "type": "Feature",
      "geometry": {
        "type": "Point",
        "coordinates": [
          -0.4028085,
          5.5380915
        ]
      },
      "properties": {
        "name": "Off Town Taxi Rank",
        "address": "GHQW+6VP, Ngleshi Amanfro"
      }
    },
    {
      "type": "Feature",
      "geometry": {
        "type": "Point",
        "coordinates": [
          -0.4007349,
          5.537785899999999
        ]
      },
      "properties": {
        "name": "Galilea Market taxi station",
        "address": "GHQX+4P6, Ngleshi Amanfro"
      }
    },
    {
      "type": "Feature",
      "geometry": {
        "type": "Point",
        "coordinates": [
          -0.4065597,
          5.5356089
        ]
      },
      "properties": {
        "name": "Pesh Creatives",
        "address": "opposite taxi rank, Washing Bay, Kasoa"
      }
    },
    {
      "type": "Feature",
      "geometry": {
        "type": "Point",
        "coordinates": [
          -0.4096709000000001,
          5.535006699999999
        ]
      },
      "properties": {
        "name": "DON RAPITO RESIDENCE",
        "address": "GHPQ+5XC Iron city taxi rank (J, Accra - Cape Coast Rd, Ngleshi Amanfro"
      }
    },
    {
      "type": "Feature",
      "geometry": {
        "type": "Point",
        "coordinates": [
          -0.4125303,
          5.5362893
        ]
      },
      "properties": {
        "name": "A2Z PRINTING AMANFROM",
        "address": "GHPP+GX8, Amanfro Taxi Rank, Ngleshi Amanfro, Kasoa, Ngleshi Amanfro"
      }
    },
    {
      "type": "Feature",
      "geometry": {
        "type": "Point",
        "coordinates": [
          -0.4008446000000001,
          5.537617000000001
        ]
      },
      "properties": {
        "name": "SOULMATES RESTAURANT",
        "address": "Galilea Market, Ngleshie-Amanfrom, Ga South Municipal Assembly Office Rd. Opposite Taxi Rank, Ngleshi Amanfro"
      }
    },
    {
      "type": "Feature",
      "geometry": {
        "type": "Point",
        "coordinates": [
          -0.4005556,
          5.5378493
        ]
      },
      "properties": {
        "name": "iScentify Fragrance Haven",
        "address": "Galilea Market taxi rank (Off the Accra, Kasoa Road, Accra"
      }
    },
    {
      "type": "Feature",
      "geometry": {
        "type": "Point",
        "coordinates": [
          -0.3651097,
          5.5395688
        ]
      },
      "properties": {
        "name": "Taxi rank last stop Golden valey",
        "address": "GJQM+RXC, Mile 11"
      }
    },
    {
      "type": "Feature",
      "geometry": {
        "type": "Point",
        "coordinates": [
          -0.3560076,
          5.5406236
        ]
      },
      "properties": {
        "name": "Ocean View Last Stop",
        "address": "GJRV+6HX, Mile 11"
      }
    },
    {
      "type": "Feature",
      "geometry": {
        "type": "Point",
        "coordinates": [
          -0.2552879,
          5.531812599999999
        ]
      },
      "properties": {
        "name": "Agege Bus stop",
        "address": "Old Dansoman High St, Accra"
      }
    },
    {
      "type": "Feature",
      "geometry": {
        "type": "Point",
        "coordinates": [
          -0.3824498,
          5.5450924
        ]
      },
      "properties": {
        "name": "Tuba Junction Taxi Station",
        "address": "Ngleshi Amanfro"
      }
    },
    {
      "type": "Feature",
      "geometry": {
        "type": "Point",
        "coordinates": [
          -0.3482101,
          5.5478641
        ]
      },
      "properties": {
        "name": "New Bortianor Bus Stop",
        "address": "N1, Ngleshi Amanfro"
      }
    },
    {
      "type": "Feature",
      "geometry": {
        "type": "Point",
        "coordinates": [
          -0.3394301,
          5.5472754
        ]
      },
      "properties": {
        "name": "REAL PAGE FOREX BUREAU LTD SCC BRANCH",
        "address": "SCC, SCC Taxi Rank, SCC Trafic Light, Winneba Road, Weija"
      }
    },
    {
      "type": "Feature",
      "geometry": {
        "type": "Point",
        "coordinates": [
          -0.3388976,
          5.547625099999999
        ]
      },
      "properties": {
        "name": "Camakota enterprice",
        "address": "Scc junction"
      }
    },
    {
      "type": "Feature",
      "geometry": {
        "type": "Point",
        "coordinates": [
          -0.3386212000000001,
          5.5476642
        ]
      },
      "properties": {
        "name": "SCC Taxi Rank",
        "address": "GMX6+3H6, Mile 11"
      }
    },
    {
      "type": "Feature",
      "geometry": {
        "type": "Point",
        "coordinates": [
          -0.3356389,
          5.548419399999999
        ]
      },
      "properties": {
        "name": "Block Factory Taxi Station",
        "address": "GMX7+9P9, Mile 11"
      }
    },
    {
      "type": "Feature",
      "geometry": {
        "type": "Point",
        "coordinates": [
          -0.3292807,
          5.550497699999999
        ]
      },
      "properties": {
        "name": "Old Barrier Taxi Rank",
        "address": "HM2C+57X, Mile 11"
      }
    },
    {
      "type": "Feature",
      "geometry": {
        "type": "Point",
        "coordinates": [
          -0.3290756,
          5.5509053
        ]
      },
      "properties": {
        "name": "Chi 5 Star Beauty Empire",
        "address": "Old barrier Taxi rank, Accra"
      }
    },
    {
      "type": "Feature",
      "geometry": {
        "type": "Point",
        "coordinates": [
          -0.2493435,
          5.5505735
        ]
      },
      "properties": {
        "name": "Sukura Trotro Station",
        "address": "Woowoti St, Accra"
      }
    },
    {
      "type": "Feature",
      "geometry": {
        "type": "Point",
        "coordinates": [
          -0.2105504,
          5.5471748
        ]
      },
      "properties": {
        "name": "Taxi Rank",
        "address": "GQWQ+VQ8, Kwame Nkrumah Ave, Accra"
      }
    },
    {
      "type": "Feature",
      "geometry": {
        "type": "Point",
        "coordinates": [
          -0.2103445,
          5.5447565
        ]
      },
      "properties": {
        "name": "3D Luxury Carpet",
        "address": "Taxi rank, Rawlings Park, Zongo Lane, Gate 1, Accra"
      }
    },
    {
      "type": "Feature",
      "geometry": {
        "type": "Point",
        "coordinates": [
          -0.1965372,
          5.550809399999999
        ]
      },
      "properties": {
        "name": "Ministries Taxi Rank",
        "address": "HR23+89G, Valco Dr, Accra"
      }
    },
    {
      "type": "Feature",
      "geometry": {
        "type": "Point",
        "coordinates": [
          -0.4608869,
          5.5513751
        ]
      },
      "properties": {
        "name": "Blue kiosk junction",
        "address": "HG2Q+HH9, Human Rights Rd, Kasoa"
      }
    },
    {
      "type": "Feature",
      "geometry": {
        "type": "Point",
        "coordinates": [
          -0.4569464,
          5.5607989
        ]
      },
      "properties": {
        "name": "AKWELEY CROS RIVER TAXI RANK",
        "address": "HG6V+867, Kasoa"
      }
    },
    {
      "type": "Feature",
      "geometry": {
        "type": "Point",
        "coordinates": [
          -0.359475,
          5.5521829
        ]
      },
      "properties": {
        "name": "Broadcasting Taxi Rank",
        "address": "HJ2R+V6C, Mile 11"
      }
    },
    {
      "type": "Feature",
      "geometry": {
        "type": "Point",
        "coordinates": [
          -0.3593051,
          5.5520355
        ]
      },
      "properties": {
        "name": "Skin Beauty Clinic GH",
        "address": "Broadcasting Taxi Rank, Mile 11"
      }
    },
    {
      "type": "Feature",
      "geometry": {
        "type": "Point",
        "coordinates": [
          -0.358445,
          5.552568
        ]
      },
      "properties": {
        "name": "Tambourine taxi rank",
        "address": "HJ3R+2JF, New weija, accra"
      }
    },
    {
      "type": "Feature",
      "geometry": {
        "type": "Point",
        "coordinates": [
          -0.3582281,
          5.5514632
        ]
      },
      "properties": {
        "name": "MODERN FLOORS & WALLS - Weija",
        "address": "Ground Floor, Bella's Plaza Weija Broadcasting Taxi Rank, Mile 11"
      }
    },
    {
      "type": "Feature",
      "geometry": {
        "type": "Point",
        "coordinates": [
          -0.3401001,
          5.5571851
        ]
      },
      "properties": {
        "name": "Arthur Moses Junction",
        "address": "HM45+VXC, Unnamed Rd, Mile 11"
      }
    },
    {
      "type": "Feature",
      "geometry": {
        "type": "Point",
        "coordinates": [
          -0.3266847,
          5.5520936
        ]
      },
      "properties": {
        "name": "2nd Taxi Rank",
        "address": "N 1"
      }
    },
    {
      "type": "Feature",
      "geometry": {
        "type": "Point",
        "coordinates": [
          -0.3230371,
          5.5528113
        ]
      },
      "properties": {
        "name": "Goil Fuel Station Weija Old Barrier",
        "address": "HM3G+4QH, Accra"
      }
    },
    {
      "type": "Feature",
      "geometry": {
        "type": "Point",
        "coordinates": [
          -0.3095487,
          5.5536338
        ]
      },
      "properties": {
        "name": "Tetegu Taxi Rank",
        "address": "Tetegu Rd"
      }
    },
    {
      "type": "Feature",
      "geometry": {
        "type": "Point",
        "coordinates": [
          -0.3034638,
          5.556517400000001
        ]
      },
      "properties": {
        "name": "Weija-Gbawe Taxi Station",
        "address": "Off Accra - Cape Coast Rd, Weija"
      }
    },
    {
      "type": "Feature",
      "geometry": {
        "type": "Point",
        "coordinates": [
          -0.3040372,
          5.5565415
        ]
      },
      "properties": {
        "name": "Beckexxl Wine",
        "address": "opposite Taxi Rank, Weija Junction opposite Tanko Kitchen W McCharthy Road - Weija Junction"
      }
    },
    {
      "type": "Feature",
      "geometry": {
        "type": "Point",
        "coordinates": [
          -0.3040831,
          5.5558521
        ]
      },
      "properties": {
        "name": "Weija Junction Bus Stop",
        "address": "Accra - Cape Coast Rd"
      }
    },
    {
      "type": "Feature",
      "geometry": {
        "type": "Point",
        "coordinates": [
          -0.2526163,
          5.5511744
        ]
      },
      "properties": {
        "name": "Maame nkran taxi station",
        "address": "HP2W+FX6, Accra"
      }
    },
    {
      "type": "Feature",
      "geometry": {
        "type": "Point",
        "coordinates": [
          -0.2487037,
          5.5530281
        ]
      },
      "properties": {
        "name": "ALAJI KPEDZE IHKLASS CAFE",
        "address": "HQ32+6G9, Bomsam Abla St, Accra"
      }
    },
    {
      "type": "Feature",
      "geometry": {
        "type": "Point",
        "coordinates": [
          -0.2321993,
          5.5579328
        ]
      },
      "properties": {
        "name": "Freddiman Services",
        "address": "Opposite Aplaku Taxi Rank, GS-585-6844, Kasoa Old Barrier, Accra"
      }
    },
    {
      "type": "Feature",
      "geometry": {
        "type": "Point",
        "coordinates": [
          -0.1974306,
          5.559284600000001
        ]
      },
      "properties": {
        "name": "Dobro Gonno KKD Taxi rank Amasaman",
        "address": "P.o box 14559, Accra"
      }
    },
    {
      "type": "Feature",
      "geometry": {
        "type": "Point",
        "coordinates": [
          -0.1974306,
          5.559284600000001
        ]
      },
      "properties": {
        "name": "Solid Crest Restaurant",
        "address": "Penny near my brother taxi rank, Accra"
      }
    },
    {
      "type": "Feature",
      "geometry": {
        "type": "Point",
        "coordinates": [
          -0.1727748,
          5.55823
        ]
      },
      "properties": {
        "name": "Ako Adjei Taxi Rank",
        "address": "HR5G+7VX, Accra"
      }
    },
    {
      "type": "Feature",
      "geometry": {
        "type": "Point",
        "coordinates": [
          -0.159004,
          5.560041099999999
        ]
      },
      "properties": {
        "name": "Taxi Stand",
        "address": "HR6R+2C2, Accra"
      }
    },
    {
      "type": "Feature",
      "geometry": {
        "type": "Point",
        "coordinates": [
          -0.4449369,
          5.569433399999999
        ]
      },
      "properties": {
        "name": "Otamens Taxi Station",
        "address": "HH94+Q2G, Kasoa"
      }
    },
    {
      "type": "Feature",
      "geometry": {
        "type": "Point",
        "coordinates": [
          -0.430857,
          5.570857
        ]
      },
      "properties": {
        "name": "Adom Estate Last Stop",
        "address": "HHC9+8MR, Kasoa"
      }
    },
    {
      "type": "Feature",
      "geometry": {
        "type": "Point",
        "coordinates": [
          -0.4109477,
          5.570328099999999
        ]
      },
      "properties": {
        "name": "Atiaah taxi station",
        "address": "HHCQ+4JM, Unnamed Road, Kasoa, Ngleshi Amanfro"
      }
    },
    {
      "type": "Feature",
      "geometry": {
        "type": "Point",
        "coordinates": [
          -0.4108431,
          5.570380699999999
        ]
      },
      "properties": {
        "name": "Atian last stop",
        "address": "Kasoa, Lamptey atian last stop, Accra"
      }
    },
    {
      "type": "Feature",
      "geometry": {
        "type": "Point",
        "coordinates": [
          -0.4061455,
          5.562715499999999
        ]
      },
      "properties": {
        "name": "American Taxi Rank",
        "address": "HH7V+3GQ, Kasoa"
      }
    },
    {
      "type": "Feature",
      "geometry": {
        "type": "Point",
        "coordinates": [
          -0.3122112,
          5.5659882
        ]
      },
      "properties": {
        "name": "JABS COLLECTIONS",
        "address": "TAXI RANK, Top Base Rd, Accra"
      }
    },
    {
      "type": "Feature",
      "geometry": {
        "type": "Point",
        "coordinates": [
          -0.2889289,
          5.5655699
        ]
      },
      "properties": {
        "name": "Akawe bus stop",
        "address": "Mankessim - Accra Rd, Accra"
      }
    },
    {
      "type": "Feature",
      "geometry": {
        "type": "Point",
        "coordinates": [
          -0.2194335,
          5.568455699999999
        ]
      },
      "properties": {
        "name": "Circle VIP Station",
        "address": "Ring Road West, Accra"
      }
    },
    {
      "type": "Feature",
      "geometry": {
        "type": "Point",
        "coordinates": [
          -0.23632,
          5.5650439
        ]
      },
      "properties": {
        "name": "Kaneshie Takoradi VIP Station",
        "address": "HQ87+2FF, Ayikai St, Accra"
      }
    },
    {
      "type": "Feature",
      "geometry": {
        "type": "Point",
        "coordinates": [
          -0.2159571,
          5.5689723
        ]
      },
      "properties": {
        "name": "Circle UTC Taxi Station",
        "address": "HQ9M+HJM, Accra"
      }
    },
    {
      "type": "Feature",
      "geometry": {
        "type": "Point",
        "coordinates": [
          -0.2147202,
          5.5676852
        ]
      },
      "properties": {
        "name": "IPMC College Of Technology Circle Branch",
        "address": "HQ9P+34C, Accra"
      }
    },
    {
      "type": "Feature",
      "geometry": {
        "type": "Point",
        "coordinates": [
          -0.2130986,
          5.569738999999999
        ]
      },
      "properties": {
        "name": "Taxi Rank",
        "address": "HQ9P+VQR, Kojo Thompson Rd, Accra"
      }
    },
    {
      "type": "Feature",
      "geometry": {
        "type": "Point",
        "coordinates": [
          -0.2149817,
          5.5688561
        ]
      },
      "properties": {
        "name": "Rigde Hospital GIJ Taxi Station, Circle",
        "address": "HQ9P+G2R, Kwame Nkrumah Ave, Accra"
      }
    },
    {
      "type": "Feature",
      "geometry": {
        "type": "Point",
        "coordinates": [
          -0.21616,
          5.569033999999999
        ]
      },
      "properties": {
        "name": "CUBE CARE",
        "address": "Workers College Taxi Rank Behind Ghana commercial bank Circle"
      }
    },
    {
      "type": "Feature",
      "geometry": {
        "type": "Point",
        "coordinates": [
          -0.4307916,
          5.5770123
        ]
      },
      "properties": {
        "name": "Peace Town Last Stop",
        "address": "HHG9+RM, Kasoa"
      }
    },
    {
      "type": "Feature",
      "geometry": {
        "type": "Point",
        "coordinates": [
          -0.4047158,
          5.5751586
        ]
      },
      "properties": {
        "name": "Nsuo Nano taxi rank",
        "address": "HHGW+347, Ngleshi Amanfro"
      }
    },
    {
      "type": "Feature",
      "geometry": {
        "type": "Point",
        "coordinates": [
          -0.330741,
          5.5778935
        ]
      },
      "properties": {
        "name": "Upper Weija Taxi Rank",
        "address": "HMH9+5P2, Gbawe"
      }
    },
    {
      "type": "Feature",
      "geometry": {
        "type": "Point",
        "coordinates": [
          -0.320347,
          5.5738701
        ]
      },
      "properties": {
        "name": "Djaman taxi rank",
        "address": "Pipeline Rd, Gbawe"
      }
    },
    {
      "type": "Feature",
      "geometry": {
        "type": "Point",
        "coordinates": [
          -0.3224921,
          5.573210899999999
        ]
      },
      "properties": {
        "name": "Djanman Taxi Station",
        "address": "HMFH+72R, Gbawe"
      }
    },
    {
      "type": "Feature",
      "geometry": {
        "type": "Point",
        "coordinates": [
          -0.3215074,
          5.5736384
        ]
      },
      "properties": {
        "name": "Hotor pub",
        "address": "HMFH+C6P, Gbawe Djaman Taxi Rank, Gbawe"
      }
    },
    {
      "type": "Feature",
      "geometry": {
        "type": "Point",
        "coordinates": [
          -0.32193,
          5.5735867
        ]
      },
      "properties": {
        "name": "AGYEKUM HOSTEL",
        "address": "HMFH+C6P Djaman taxi rank, Gbawe"
      }
    },
    {
      "type": "Feature",
      "geometry": {
        "type": "Point",
        "coordinates": [
          -0.3195983,
          5.573847300000001
        ]
      },
      "properties": {
        "name": "LAHAI ROI KLOTHING",
        "address": "Djanman Taxi Rank, Gbawe, Accra"
      }
    },
    {
      "type": "Feature",
      "geometry": {
        "type": "Point",
        "coordinates": [
          -0.2825879,
          5.5779155
        ]
      },
      "properties": {
        "name": "Onyame Bekyere Taxi Rank",
        "address": "HPH8+5X7, Awoshie Rd, Mallam"
      }
    },
    {
      "type": "Feature",
      "geometry": {
        "type": "Point",
        "coordinates": [
          -0.2859605,
          5.5718421
        ]
      },
      "properties": {
        "name": "Mallam junction",
        "address": "HPF8+8F2, 6 Gbawe Rd, Mallam"
      }
    },
    {
      "type": "Feature",
      "geometry": {
        "type": "Point",
        "coordinates": [
          -0.2722501,
          5.5711726
        ]
      },
      "properties": {
        "name": "ID SAROFO PLUMBING, SAKAMAM",
        "address": "BLUE LAGOON, TAXI RANK, Hyde park, SAKAMAM"
      }
    },
    {
      "type": "Feature",
      "geometry": {
        "type": "Point",
        "coordinates": [
          -0.2525893,
          5.574369
        ]
      },
      "properties": {
        "name": "HANSONIC JUNCTION",
        "address": "HPFW+PXV hansonic Taxi Rank, Dansoman Rd, Accra"
      }
    },
    {
      "type": "Feature",
      "geometry": {
        "type": "Point",
        "coordinates": [
          -0.2392232,
          5.580041
        ]
      },
      "properties": {
        "name": "Bubiashie Taxi Rank",
        "address": "HQJ6+286, Agbon Boi St, Accra"
      }
    },
    {
      "type": "Feature",
      "geometry": {
        "type": "Point",
        "coordinates": [
          -0.2400217,
          5.580591
        ]
      },
      "properties": {
        "name": "The Lunch Hour Restaurant",
        "address": "Bubiashie, Taxi Rank, Agbon Boi St, Accra"
      }
    },
    {
      "type": "Feature",
      "geometry": {
        "type": "Point",
        "coordinates": [
          -0.1975313,
          5.5808296
        ]
      },
      "properties": {
        "name": "Masalachi Bus Stop",
        "address": "HRJ2+8XP Tantra Hill, Yellow House Street, Accra"
      }
    },
    {
      "type": "Feature",
      "geometry": {
        "type": "Point",
        "coordinates": [
          -0.1794237,
          5.5737358
        ]
      },
      "properties": {
        "name": "Trotro Stop",
        "address": "HRFC+F6W, Cantonments Rd, Accra"
      }
    },
    {
      "type": "Feature",
      "geometry": {
        "type": "Point",
        "coordinates": [
          -0.1784836,
          5.5767652
        ]
      },
      "properties": {
        "name": "Lifetime Enterprise",
        "address": "Adj Kwesi Mintim Taxi Rank Takoradi"
      }
    },
    {
      "type": "Feature",
      "geometry": {
        "type": "Point",
        "coordinates": [
          -0.1784836,
          5.5767652
        ]
      },
      "properties": {
        "name": "J. A. Agos",
        "address": "Market Circle opp Sekondi Taxi Rank, Accra"
      }
    },
    {
      "type": "Feature",
      "geometry": {
        "type": "Point",
        "coordinates": [
          -0.1110649,
          5.5800661
        ]
      },
      "properties": {
        "name": "Lascala Market",
        "address": "Accra"
      }
    },
    {
      "type": "Feature",
      "geometry": {
        "type": "Point",
        "coordinates": [
          -0.4495202,
          5.588623399999999
        ]
      },
      "properties": {
        "name": "Salaam Investments and Properties",
        "address": "Ofaakor Taxi Rank Kasoa, Ofaakor"
      }
    },
    {
      "type": "Feature",
      "geometry": {
        "type": "Point",
        "coordinates": [
          -0.3215953,
          5.588269299999999
        ]
      },
      "properties": {
        "name": "c connie taxi rank",
        "address": "HMPJ+XJR, c20 gs 0059 2225, Gbawe"
      }
    },
    {
      "type": "Feature",
      "geometry": {
        "type": "Point",
        "coordinates": [
          -0.3199527,
          5.5813609
        ]
      },
      "properties": {
        "name": "Bulemin Bus Stop",
        "address": "Ghana"
      }
    },
    {
      "type": "Feature",
      "geometry": {
        "type": "Point",
        "coordinates": [
          -0.3199751,
          5.5909609
        ]
      },
      "properties": {
        "name": "Old taxi rank c connie",
        "address": "HMRJ+92J LG 362"
      }
    },
    {
      "type": "Feature",
      "geometry": {
        "type": "Point",
        "coordinates": [
          -0.31989,
          5.5843164
        ]
      },
      "properties": {
        "name": "Wisdom Metal Works",
        "address": "Bulemin Taxi Rank, Mallam, Gbawe"
      }
    },
    {
      "type": "Feature",
      "geometry": {
        "type": "Point",
        "coordinates": [
          -0.3036182,
          5.588528600000001
        ]
      },
      "properties": {
        "name": "Melanin Imperial Spa Ghana",
        "address": "Gbawe Cp, Taxi Rank"
      }
    },
    {
      "type": "Feature",
      "geometry": {
        "type": "Point",
        "coordinates": [
          -0.2998396,
          5.587246299999999
        ]
      },
      "properties": {
        "name": "CEFEDA TRAVEL AND TOUR",
        "address": "CP Old Taxi Rank, New Gbawe, Accra"
      }
    },
    {
      "type": "Feature",
      "geometry": {
        "type": "Point",
        "coordinates": [
          -0.2853525,
          5.5895962
        ]
      },
      "properties": {
        "name": "Lane 1, taxi rank, Awoshie Onyinaase",
        "address": "HPQ7+RVJ, Awoshie"
      }
    },
    {
      "type": "Feature",
      "geometry": {
        "type": "Point",
        "coordinates": [
          -0.2401791,
          5.5812262
        ]
      },
      "properties": {
        "name": "Perez Chapel International The Tabernacle Bubuashie",
        "address": "HQJ5+FWW Taxi Rank, Accra"
      }
    },
    {
      "type": "Feature",
      "geometry": {
        "type": "Point",
        "coordinates": [
          -0.2182762,
          5.5880889
        ]
      },
      "properties": {
        "name": "Alajo - Kotobabi Taxi Rank",
        "address": "HQQJ+6MQ, Nsawam Road, Nsawam Road, Accra"
      }
    },
    {
      "type": "Feature",
      "geometry": {
        "type": "Point",
        "coordinates": [
          -0.209233,
          5.5827046
        ]
      },
      "properties": {
        "name": "Office Of The Nima-Maamobi Taxi Rank",
        "address": "HQMR+38C, Senya Brekum Rd, Accra"
      }
    },
    {
      "type": "Feature",
      "geometry": {
        "type": "Point",
        "coordinates": [
          -0.1800636,
          5.588940000000001
        ]
      },
      "properties": {
        "name": "Cab to Tema",
        "address": "59 Giffard Rd, Accra"
      }
    },
    {
      "type": "Feature",
      "geometry": {
        "type": "Point",
        "coordinates": [
          -0.1277128,
          5.5874875
        ]
      },
      "properties": {
        "name": "Demo Taxi Rank",
        "address": "HVPC+XWV, Unnamed Road, Accra"
      }
    },
    {
      "type": "Feature",
      "geometry": {
        "type": "Point",
        "coordinates": [
          -0.1249803,
          5.585512899999999
        ]
      },
      "properties": {
        "name": "Teshie Demo Taxi Station",
        "address": "Accra"
      }
    },
    {
      "type": "Feature",
      "geometry": {
        "type": "Point",
        "coordinates": [
          -0.1253646,
          5.586820299999999
        ]
      },
      "properties": {
        "name": "Teshie Demo",
        "address": "HVPF+JP8, Accra"
      }
    },
    {
      "type": "Feature",
      "geometry": {
        "type": "Point",
        "coordinates": [
          -0.1048228,
          5.581500699999999
        ]
      },
      "properties": {
        "name": "CANVAS FRAMES | CLASSIC FRAME",
        "address": "Malik Taxi Rank, Accra"
      }
    },
    {
      "type": "Feature",
      "geometry": {
        "type": "Point",
        "coordinates": [
          -0.104174,
          5.5833853
        ]
      },
      "properties": {
        "name": "Teshie Mobil",
        "address": "Accra"
      }
    },
    {
      "type": "Feature",
      "geometry": {
        "type": "Point",
        "coordinates": [
          -0.09845849999999999,
          5.588122299999999
        ]
      },
      "properties": {
        "name": "OSMOSES GRAPHIX",
        "address": "THEMIS STREET, First Jct"
      }
    },
    {
      "type": "Feature",
      "geometry": {
        "type": "Point",
        "coordinates": [
          -0.1048814,
          5.584040799999999
        ]
      },
      "properties": {
        "name": "Mart Rock's Clothing",
        "address": "mobil taxi rank, Presby Church, Square"
      }
    },
    {
      "type": "Feature",
      "geometry": {
        "type": "Point",
        "coordinates": [
          -0.3198147,
          5.5911727
        ]
      },
      "properties": {
        "name": "Healthline Medical Ltd.-Diagnostic Centre",
        "address": "nkum's house,kingsby Taxi Rank. Achimota, Accra"
      }
    },
    {
      "type": "Feature",
      "geometry": {
        "type": "Point",
        "coordinates": [
          -0.3132827,
          5.5934084
        ]
      },
      "properties": {
        "name": "WildOff Enterprise",
        "address": "HMVP+9M8 taxi rank, Accra"
      }
    },
    {
      "type": "Feature",
      "geometry": {
        "type": "Point",
        "coordinates": [
          -0.3120469,
          5.592551299999999
        ]
      },
      "properties": {
        "name": "Zero Taxi Rank Bus Stop",
        "address": "Ghana"
      }
    },
    {
      "type": "Feature",
      "geometry": {
        "type": "Point",
        "coordinates": [
          -0.3119754,
          5.592346399999999
        ]
      },
      "properties": {
        "name": "Zero taxi rank",
        "address": "Nii Kpakpa Osiakwan Road"
      }
    },
    {
      "type": "Feature",
      "geometry": {
        "type": "Point",
        "coordinates": [
          -0.3142395,
          5.593416899999999
        ]
      },
      "properties": {
        "name": "Emma K. Serwaa Licensed Drug Seller, Gbawe, Zero House, Taxi Rank",
        "address": "HMVP+978, Gbawe"
      }
    },
    {
      "type": "Feature",
      "geometry": {
        "type": "Point",
        "coordinates": [
          -0.312242,
          5.593274999999999
        ]
      },
      "properties": {
        "name": "Zero Last Stop [Bus Stop], Gbawe, Accra, Ghana",
        "address": "HMVQ+846 Zero Taxi Rank Bus Stop, Gbawe"
      }
    },
    {
      "type": "Feature",
      "geometry": {
        "type": "Point",
        "coordinates": [
          -0.3115968,
          5.5915646
        ]
      },
      "properties": {
        "name": "Leo barbershop",
        "address": "Zero, Taxi Rank \ud83d\ude95, Gbawe, Accra"
      }
    },
    {
      "type": "Feature",
      "geometry": {
        "type": "Point",
        "coordinates": [
          -0.3117267,
          5.592023
        ]
      },
      "properties": {
        "name": "Birkx Multimedia",
        "address": "HMRQ+R82, Zero Taxi Rank Bus Stop, Gbawe"
      }
    },
    {
      "type": "Feature",
      "geometry": {
        "type": "Point",
        "coordinates": [
          -0.3119249,
          5.5961015
        ]
      },
      "properties": {
        "name": "Adansi Barbers",
        "address": "Taxi RanK Gbawe Zero"
      }
    },
    {
      "type": "Feature",
      "geometry": {
        "type": "Point",
        "coordinates": [
          -0.3034881,
          5.591940399999999
        ]
      },
      "properties": {
        "name": "Gbawe Cp Taxi Station (Last Stop)",
        "address": "Gbawe, SDA Hospital Rd"
      }
    },
    {
      "type": "Feature",
      "geometry": {
        "type": "Point",
        "coordinates": [
          -0.3041119,
          5.5986616
        ]
      },
      "properties": {
        "name": "Palas Town Taxi Rank",
        "address": "HMXW+F96, Awoshie Ablekuma Highway, Awoshie"
      }
    },
    {
      "type": "Feature",
      "geometry": {
        "type": "Point",
        "coordinates": [
          -0.3198147,
          5.5911727
        ]
      },
      "properties": {
        "name": "Golden Lines Business Centre",
        "address": "Alajo Taxi Rank, Accra"
      }
    },
    {
      "type": "Feature",
      "geometry": {
        "type": "Point",
        "coordinates": [
          -0.2779462,
          5.5978446
        ]
      },
      "properties": {
        "name": "EACFGhana",
        "address": "Awoshie A-Lang, Taxi Rank"
      }
    },
    {
      "type": "Feature",
      "geometry": {
        "type": "Point",
        "coordinates": [
          -0.2634117,
          5.5981117
        ]
      },
      "properties": {
        "name": "Hong Kong police station taxi rank",
        "address": "HPXP+6JW, Hong Kong Bus Stop, Nii Adaman St, Accra"
      }
    },
    {
      "type": "Feature",
      "geometry": {
        "type": "Point",
        "coordinates": [
          -0.2634271,
          5.5981142
        ]
      },
      "properties": {
        "name": "Hongkong Police station Taxi Rank",
        "address": "Accra"
      }
    },
    {
      "type": "Feature",
      "geometry": {
        "type": "Point",
        "coordinates": [
          -0.26852,
          5.592202899999999
        ]
      },
      "properties": {
        "name": "A-Lang Taxi Station",
        "address": "Kwashieman"
      }
    },
    {
      "type": "Feature",
      "geometry": {
        "type": "Point",
        "coordinates": [
          -0.2633846,
          5.5978127
        ]
      },
      "properties": {
        "name": "Kwashiman Hongkong taxi rank Yellow building",
        "address": "n 1 Nii Adaman St, Accra"
      }
    },
    {
      "type": "Feature",
      "geometry": {
        "type": "Point",
        "coordinates": [
          -0.249809,
          5.5913683
        ]
      },
      "properties": {
        "name": "Accounting Solutions Ltd.",
        "address": "Near The Taxi Rank, Accra"
      }
    },
    {
      "type": "Feature",
      "geometry": {
        "type": "Point",
        "coordinates": [
          -0.2061385,
          5.5946468
        ]
      },
      "properties": {
        "name": "Jo Network Ltd",
        "address": "HQVV+VG5, Ministries Taxi Rank, Opposite Original Pay All Head Office, Accra"
      }
    },
    {
      "type": "Feature",
      "geometry": {
        "type": "Point",
        "coordinates": [
          -0.1811751,
          5.5910721
        ]
      },
      "properties": {
        "name": "37 Taxi rank",
        "address": "HRR9+CGG, Liberation Road, Accra"
      }
    },
    {
      "type": "Feature",
      "geometry": {
        "type": "Point",
        "coordinates": [
          -0.1580924,
          5.5967473
        ]
      },
      "properties": {
        "name": "Taxi rank",
        "address": "HRWR+MQV, Unnamed Road, Accra"
      }
    },
    {
      "type": "Feature",
      "geometry": {
        "type": "Point",
        "coordinates": [
          -0.127015,
          5.5974527
        ]
      },
      "properties": {
        "name": "Tebibiano Taxi Station",
        "address": "HVXF+46M, Accra"
      }
    },
    {
      "type": "Feature",
      "geometry": {
        "type": "Point",
        "coordinates": [
          -0.1208468,
          5.592565899999999
        ]
      },
      "properties": {
        "name": "Camp 2 taxi station",
        "address": "Camp 2 Taxi Station, Accra"
      }
    },
    {
      "type": "Feature",
      "geometry": {
        "type": "Point",
        "coordinates": [
          -0.088985,
          5.594005999999999
        ]
      },
      "properties": {
        "name": "Brigade Taxi Rank",
        "address": "HWV6+JC2, Accra"
      }
    },
    {
      "type": "Feature",
      "geometry": {
        "type": "Point",
        "coordinates": [
          -0.0887427,
          5.5937467
        ]
      },
      "properties": {
        "name": "Flobri trading ventures",
        "address": "Brigade taxi rank GZ-002-2008, Nungua"
      }
    },
    {
      "type": "Feature",
      "geometry": {
        "type": "Point",
        "coordinates": [
          -0.08906870000000001,
          5.593941099999999
        ]
      },
      "properties": {
        "name": "ENSO NYAME YE LOCKSMITH",
        "address": "brigade taxi rank"
      }
    },
    {
      "type": "Feature",
      "geometry": {
        "type": "Point",
        "coordinates": [
          -0.0890782,
          5.5939573
        ]
      },
      "properties": {
        "name": "P.O.K footwear",
        "address": "brigade taxi rank nungua"
      }
    },
    {
      "type": "Feature",
      "geometry": {
        "type": "Point",
        "coordinates": [
          -0.2757539,
          5.6058663
        ]
      },
      "properties": {
        "name": "Santa-Maria Taxi Rank",
        "address": "JP4F+9PF, Kwashieman"
      }
    },
    {
      "type": "Feature",
      "geometry": {
        "type": "Point",
        "coordinates": [
          -0.2782182,
          5.602637
        ]
      },
      "properties": {
        "name": "Life and Living Guest House",
        "address": "3 Lake Pool Road Santa Maria/A.Lang Taxi Rank, Kwashieman"
      }
    },
    {
      "type": "Feature",
      "geometry": {
        "type": "Point",
        "coordinates": [
          -0.2468544,
          5.6081579
        ]
      },
      "properties": {
        "name": "Lapaz Taxi Station",
        "address": "JQ53+776, Lapaz"
      }
    },
    {
      "type": "Feature",
      "geometry": {
        "type": "Point",
        "coordinates": [
          -0.2478089,
          5.6032253
        ]
      },
      "properties": {
        "name": "Taxi rank",
        "address": "JQ32+7VW, Accra"
      }
    },
    {
      "type": "Feature",
      "geometry": {
        "type": "Point",
        "coordinates": [
          -0.2210292,
          5.6029007
        ]
      },
      "properties": {
        "name": "K. Zorre PropertiesLtd",
        "address": "Abelemkpe taxi rank, Acrca"
      }
    },
    {
      "type": "Feature",
      "geometry": {
        "type": "Point",
        "coordinates": [
          -0.2177904,
          5.606903600000001
        ]
      },
      "properties": {
        "name": "Abelenkpe Taxi Rank",
        "address": "JQ4J+QV8, Manhean Loop Rd, Accra"
      }
    },
    {
      "type": "Feature",
      "geometry": {
        "type": "Point",
        "coordinates": [
          -0.2168217,
          5.6057402
        ]
      },
      "properties": {
        "name": "Madlamp Soccer Academy",
        "address": "taxi rank, Accra"
      }
    },
    {
      "type": "Feature",
      "geometry": {
        "type": "Point",
        "coordinates": [
          -0.2172487,
          5.6067145
        ]
      },
      "properties": {
        "name": "BasicNeeds-Ghana (Accra Office)",
        "address": "Taxi Rank, 15th, Alhaji Sulley Rd, Accra"
      }
    },
    {
      "type": "Feature",
      "geometry": {
        "type": "Point",
        "coordinates": [
          -0.2169007,
          5.604507
        ]
      },
      "properties": {
        "name": "ShoeKama",
        "address": "Taxi Rank, 45 Onyankle St, Accra"
      }
    },
    {
      "type": "Feature",
      "geometry": {
        "type": "Point",
        "coordinates": [
          -0.2177109,
          5.6071262
        ]
      },
      "properties": {
        "name": "Tpaps Tours and Travel",
        "address": "Taxi Rank, Accra"
      }
    },
    {
      "type": "Feature",
      "geometry": {
        "type": "Point",
        "coordinates": [
          -0.216704,
          5.5956573
        ]
      },
      "properties": {
        "name": "El Shaddia Enterprise",
        "address": "Taxi Rank, Accra"
      }
    },
    {
      "type": "Feature",
      "geometry": {
        "type": "Point",
        "coordinates": [
          -0.1937282,
          5.6018379
        ]
      },
      "properties": {
        "name": "Lucky Generation Depot",
        "address": "JR24+PFQ, Madina Taxi Rank Old Road, Accra"
      }
    },
    {
      "type": "Feature",
      "geometry": {
        "type": "Point",
        "coordinates": [
          -0.1869579,
          5.6037379
        ]
      },
      "properties": {
        "name": "Samaska Printing Press",
        "address": "near Nima Taxi Rank, New Town"
      }
    },
    {
      "type": "Feature",
      "geometry": {
        "type": "Point",
        "coordinates": [
          -0.1869644,
          5.6037168
        ]
      },
      "properties": {
        "name": "Kwasibu Taxi Rank",
        "address": "JR37+F6M, Accra"
      }
    },
    {
      "type": "Feature",
      "geometry": {
        "type": "Point",
        "coordinates": [
          -0.1869579,
          5.6037379
        ]
      },
      "properties": {
        "name": "Friendly Network",
        "address": "100 Met Off Madina Old Road Madina Taxi Rank"
      }
    },
    {
      "type": "Feature",
      "geometry": {
        "type": "Point",
        "coordinates": [
          -0.1725446,
          5.6080725
        ]
      },
      "properties": {
        "name": "Airport Taxi Stand",
        "address": "JR5G+6XG, Airport Rd, Accra"
      }
    },
    {
      "type": "Feature",
      "geometry": {
        "type": "Point",
        "coordinates": [
          -0.130913,
          5.6083698
        ]
      },
      "properties": {
        "name": "Golden KanRich Enterprise",
        "address": "JV69+VW8 Penny taxi station, Accra"
      }
    },
    {
      "type": "Feature",
      "geometry": {
        "type": "Point",
        "coordinates": [
          -0.1292723,
          5.6103858
        ]
      },
      "properties": {
        "name": "Rekies cake explore",
        "address": "Penny taxi Rank Teshie penny"
      }
    },
    {
      "type": "Feature",
      "geometry": {
        "type": "Point",
        "coordinates": [
          -0.1159184,
          5.6061686
        ]
      },
      "properties": {
        "name": "Tsui Bleoo Taxi Station",
        "address": "JV3P+G2Q, Tsui Bleoo Rd, Accra"
      }
    },
    {
      "type": "Feature",
      "geometry": {
        "type": "Point",
        "coordinates": [
          -0.1161116,
          5.606215799999999
        ]
      },
      "properties": {
        "name": "GN Bank Tsui Bleoo",
        "address": "JV4M+FHV to the Taxi Rank, Tsui Bleoo Rd, Accra"
      }
    },
    {
      "type": "Feature",
      "geometry": {
        "type": "Point",
        "coordinates": [
          -0.1073175,
          5.6092714
        ]
      },
      "properties": {
        "name": "Century Road Last Stop",
        "address": "JV5V+P33, Accra"
      }
    },
    {
      "type": "Feature",
      "geometry": {
        "type": "Point",
        "coordinates": [
          -0.3250781,
          5.614887299999999
        ]
      },
      "properties": {
        "name": "Mayorsfoto",
        "address": "Maame Nkran Taxi Rank, Accra"
      }
    },
    {
      "type": "Feature",
      "geometry": {
        "type": "Point",
        "coordinates": [
          -0.2679262,
          5.6117322
        ]
      },
      "properties": {
        "name": "Race course taxi rank",
        "address": "JP9H+6VC, 108 Race Course St, Sowutoum"
      }
    },
    {
      "type": "Feature",
      "geometry": {
        "type": "Point",
        "coordinates": [
          -0.253734,
          5.620258300000001
        ]
      },
      "properties": {
        "name": "Six to Six Taxi Station",
        "address": "139 22nd St, Nii Okaiman East"
      }
    },
    {
      "type": "Feature",
      "geometry": {
        "type": "Point",
        "coordinates": [
          -0.2500167,
          5.618454900000001
        ]
      },
      "properties": {
        "name": "Fish Pond bus stop",
        "address": "Lapaz"
      }
    },
    {
      "type": "Feature",
      "geometry": {
        "type": "Point",
        "coordinates": [
          -0.2536865,
          5.6196034
        ]
      },
      "properties": {
        "name": "Yoyas Tavern",
        "address": "22nd street Six to six taxi rank, Nii Okaiman East"
      }
    },
    {
      "type": "Feature",
      "geometry": {
        "type": "Point",
        "coordinates": [
          -0.2537843,
          5.62013
        ]
      },
      "properties": {
        "name": "ANGIE\u2019S WIGS & COSMETICS,LAPAZ.",
        "address": "22nd street Six to six taxi rank"
      }
    },
    {
      "type": "Feature",
      "geometry": {
        "type": "Point",
        "coordinates": [
          -0.2399169,
          5.6131185
        ]
      },
      "properties": {
        "name": "De-Lead International Travel Services",
        "address": "Taxi Rank, Akweteyman"
      }
    },
    {
      "type": "Feature",
      "geometry": {
        "type": "Point",
        "coordinates": [
          -0.234345,
          5.612781
        ]
      },
      "properties": {
        "name": "Nkum's X-Ray And Scan Centre",
        "address": "near Kingsby Taxi Rank, New Achimota, Accra"
      }
    },
    {
      "type": "Feature",
      "geometry": {
        "type": "Point",
        "coordinates": [
          -0.2500023,
          5.6166637
        ]
      },
      "properties": {
        "name": "NII BOI TOWN",
        "address": "F83 Aborlebu Cres, Lapaz"
      }
    },
    {
      "type": "Feature",
      "geometry": {
        "type": "Point",
        "coordinates": [
          -0.1828084,
          5.6162785
        ]
      },
      "properties": {
        "name": "MICTECH",
        "address": "Taxi rank, Kofi Annan St, Accra"
      }
    },
    {
      "type": "Feature",
      "geometry": {
        "type": "Point",
        "coordinates": [
          -0.1869579,
          5.6037379
        ]
      },
      "properties": {
        "name": "Golden Groceries Enterprise",
        "address": "Weija old barrier taxi rank"
      }
    },
    {
      "type": "Feature",
      "geometry": {
        "type": "Point",
        "coordinates": [
          -0.186964,
          5.6037003
        ]
      },
      "properties": {
        "name": "Alpha Exporters",
        "address": "Kasoa, 6/7 Taxi Rank New Bentinor, Accra"
      }
    },
    {
      "type": "Feature",
      "geometry": {
        "type": "Point",
        "coordinates": [
          -0.1869579,
          5.6037379
        ]
      },
      "properties": {
        "name": "Jocom Electrical & General Printing",
        "address": "JR37+F6V, Bohye taxi rank (opposite to the church of pentecost, Accra"
      }
    },
    {
      "type": "Feature",
      "geometry": {
        "type": "Point",
        "coordinates": [
          -0.1248564,
          5.6172539
        ]
      },
      "properties": {
        "name": "Ablazaa taxi rank",
        "address": "JV8G+W32, Complex Avenue, Agblezaa - Manet Rd, Accra"
      }
    },
    {
      "type": "Feature",
      "geometry": {
        "type": "Point",
        "coordinates": [
          -0.1140903,
          5.618376899999999
        ]
      },
      "properties": {
        "name": "A-Z Preparatory & J.H. School",
        "address": "Malik Taxi Rank, Accra"
      }
    },
    {
      "type": "Feature",
      "geometry": {
        "type": "Point",
        "coordinates": [
          -0.1161125,
          5.6183899
        ]
      },
      "properties": {
        "name": "Vivi\u2019s Place, Malik Taxi Rank",
        "address": "JV9M+H5C, Accra"
      }
    },
    {
      "type": "Feature",
      "geometry": {
        "type": "Point",
        "coordinates": [
          -0.1012493,
          5.6191078
        ]
      },
      "properties": {
        "name": "Greda Taxi Rank",
        "address": "JV9X+MG2, 10th Ave, Accra"
      }
    },
    {
      "type": "Feature",
      "geometry": {
        "type": "Point",
        "coordinates": [
          -0.09415889999999999,
          5.614643099999999
        ]
      },
      "properties": {
        "name": "Adom Arakwa Adogon",
        "address": "JW74+V84, Accra"
      }
    },
    {
      "type": "Feature",
      "geometry": {
        "type": "Point",
        "coordinates": [
          -0.3097254,
          5.627063499999999
        ]
      },
      "properties": {
        "name": "Ablekuma Taxi Stand",
        "address": "JMGR+R4C, Ablekuma Fan-Milk"
      }
    },
    {
      "type": "Feature",
      "geometry": {
        "type": "Point",
        "coordinates": [
          -0.2987498,
          5.621578
        ]
      },
      "properties": {
        "name": "Fan Milk Junction Bus Stop",
        "address": "Ghana"
      }
    },
    {
      "type": "Feature",
      "geometry": {
        "type": "Point",
        "coordinates": [
          -0.2554674,
          5.6264253
        ]
      },
      "properties": {
        "name": "Capital Credit",
        "address": "JPGV+HR6, New Achimota, Chantan Market, Behind The Taxi Rank, Nii Okaiman East"
      }
    },
    {
      "type": "Feature",
      "geometry": {
        "type": "Point",
        "coordinates": [
          -0.2350178,
          5.626447499999999
        ]
      },
      "properties": {
        "name": "Melcom Busstop",
        "address": "JQG8+P38, Nsawam Road, Accra"
      }
    },
    {
      "type": "Feature",
      "geometry": {
        "type": "Point",
        "coordinates": [
          -0.176462,
          5.627839900000001
        ]
      },
      "properties": {
        "name": "Shiashi Bus Stop Foot Bridge",
        "address": "JRHF+4CM Hav Motors, Boundary Road Shiashi Bus stop Foot Bridge, Accra"
      }
    },
    {
      "type": "Feature",
      "geometry": {
        "type": "Point",
        "coordinates": [
          -0.1736,
          5.62142
        ]
      },
      "properties": {
        "name": "Shoprite Accra Mall",
        "address": "Tetteh Quarshie Ave, Accra"
      }
    },
    {
      "type": "Feature",
      "geometry": {
        "type": "Point",
        "coordinates": [
          -0.128946,
          5.6108267
        ]
      },
      "properties": {
        "name": "ABOTRE PUB",
        "address": "JV6C+8CC Teshie penny, Penny taxi Rank, Accra"
      }
    },
    {
      "type": "Feature",
      "geometry": {
        "type": "Point",
        "coordinates": [
          -0.114532,
          5.626197899999999
        ]
      },
      "properties": {
        "name": "O'Reilly Taxi Rank",
        "address": "JVGP+C5X, Accra"
      }
    },
    {
      "type": "Feature",
      "geometry": {
        "type": "Point",
        "coordinates": [
          -0.1090625,
          5.626312500000001
        ]
      },
      "properties": {
        "name": "Breakilicious Jamaican Street Food Restaurants",
        "address": "Taxi Rank, JVGR+G9X Accra Hydraform Estates, Okpoi Gonno, Accra"
      }
    },
    {
      "type": "Feature",
      "geometry": {
        "type": "Point",
        "coordinates": [
          -0.1080394,
          5.6260838
        ]
      },
      "properties": {
        "name": "Okpoi Gonno Taxi Rank speedaf",
        "address": "About 1000 metres from the, Spintex Rd, Accra"
      }
    },
    {
      "type": "Feature",
      "geometry": {
        "type": "Point",
        "coordinates": [
          -0.1068339,
          5.6278435
        ]
      },
      "properties": {
        "name": "BKN Modern Furnitures Ltd",
        "address": "Taxi Rank Close to Voltic Pure Water Factory, Spintex Rd, Accra"
      }
    },
    {
      "type": "Feature",
      "geometry": {
        "type": "Point",
        "coordinates": [
          -0.1084263,
          5.627217799999999
        ]
      },
      "properties": {
        "name": "A Sisters Guest House",
        "address": "JVGR+VJP, Okpoi Gonno Taxi Rank, Spintex Road, costal road,O'ralley S.H.S, Accra"
      }
    },
    {
      "type": "Feature",
      "geometry": {
        "type": "Point",
        "coordinates": [
          -0.1080312,
          5.626138699999999
        ]
      },
      "properties": {
        "name": "Queen Esther's Ointment",
        "address": "taxi rank speedaf, Accra"
      }
    },
    {
      "type": "Feature",
      "geometry": {
        "type": "Point",
        "coordinates": [
          -0.0901879,
          5.629148499999999
        ]
      },
      "properties": {
        "name": "Kotobabi Taxi Rank.",
        "address": "JWH5+MW3, Accra"
      }
    },
    {
      "type": "Feature",
      "geometry": {
        "type": "Point",
        "coordinates": [
          -0.1082027,
          5.625931
        ]
      },
      "properties": {
        "name": "Home Boy Bar",
        "address": "Opkoi Gonna Taxi Rank, Spintex Road, Accra"
      }
    },
    {
      "type": "Feature",
      "geometry": {
        "type": "Point",
        "coordinates": [
          -0.0863581,
          5.6221327
        ]
      },
      "properties": {
        "name": "Railway Taxi Station",
        "address": "JWC7+VF2, Accra"
      }
    },
    {
      "type": "Feature",
      "geometry": {
        "type": "Point",
        "coordinates": [
          -0.075705,
          5.6251206
        ]
      },
      "properties": {
        "name": "18 junction taxi rank",
        "address": "Accra"
      }
    },
    {
      "type": "Feature",
      "geometry": {
        "type": "Point",
        "coordinates": [
          -0.2591356,
          5.6384418
        ]
      },
      "properties": {
        "name": "Golden door Taxi Rank",
        "address": "JPQR+98H Golden Door, Tantra St, Accra"
      }
    },
    {
      "type": "Feature",
      "geometry": {
        "type": "Point",
        "coordinates": [
          -0.2688533,
          5.638461899999999
        ]
      },
      "properties": {
        "name": "Yellow House, St. John's Taxi Rank",
        "address": "Commando St"
      }
    },
    {
      "type": "Feature",
      "geometry": {
        "type": "Point",
        "coordinates": [
          -0.2419868,
          5.6392975
        ]
      },
      "properties": {
        "name": "TANTRA, YELLOW HOUSE- TAXI RANK",
        "address": "JQQ5+P75, St. Johns Lake, Accra"
      }
    },
    {
      "type": "Feature",
      "geometry": {
        "type": "Point",
        "coordinates": [
          -0.2409096,
          5.6344085
        ]
      },
      "properties": {
        "name": "Mayson Pharmaceuticals",
        "address": "Mile Seven Taxi Rank Mile Seven Road"
      }
    },
    {
      "type": "Feature",
      "geometry": {
        "type": "Point",
        "coordinates": [
          -0.2405553,
          5.6345417
        ]
      },
      "properties": {
        "name": "DeRoyal International Education & Travel Ltd",
        "address": "Achimota Mile 7 Junction, Behind Ecobank Opposite the taxi rank"
      }
    },
    {
      "type": "Feature",
      "geometry": {
        "type": "Point",
        "coordinates": [
          -0.178952,
          5.640959899999999
        ]
      },
      "properties": {
        "name": "Legon Taxi Station",
        "address": "JRRC+9CM, Accra"
      }
    },
    {
      "type": "Feature",
      "geometry": {
        "type": "Point",
        "coordinates": [
          -0.1775614,
          5.640533800000001
        ]
      },
      "properties": {
        "name": "YPT Ghana",
        "address": "Okponglo Taxi Rank, Accra"
      }
    },
    {
      "type": "Feature",
      "geometry": {
        "type": "Point",
        "coordinates": [
          -0.1772687,
          5.6403272
        ]
      },
      "properties": {
        "name": "Edwom Express",
        "address": "Okponglo Taxi Rank"
      }
    },
    {
      "type": "Feature",
      "geometry": {
        "type": "Point",
        "coordinates": [
          -0.1761314,
          5.6408827
        ]
      },
      "properties": {
        "name": "BRUKU KEYS CUTTING & PROGRAMMING KEYS,ECU,REPAIR AND ALL (EAST LEGON BRANCH)",
        "address": "Okponglo taxi Rank, Accra"
      }
    },
    {
      "type": "Feature",
      "geometry": {
        "type": "Point",
        "coordinates": [
          -0.1764931,
          5.6409669
        ]
      },
      "properties": {
        "name": "Supreme Hostel",
        "address": "Okponglo Taxi Rank, Accra"
      }
    },
    {
      "type": "Feature",
      "geometry": {
        "type": "Point",
        "coordinates": [
          -0.161359,
          5.635828
        ]
      },
      "properties": {
        "name": "Sargent waiting agency gh",
        "address": "Okponglo taxi rank, Accra"
      }
    },
    {
      "type": "Feature",
      "geometry": {
        "type": "Point",
        "coordinates": [
          -0.17815,
          5.6397935
        ]
      },
      "properties": {
        "name": "Okponglo Bus Stop",
        "address": "Legon E Rd, Accra"
      }
    },
    {
      "type": "Feature",
      "geometry": {
        "type": "Point",
        "coordinates": [
          -0.1266064,
          5.6376136
        ]
      },
      "properties": {
        "name": "Shaxi Ghana Official (Shatta Taxi)",
        "address": "Accra"
      }
    },
    {
      "type": "Feature",
      "geometry": {
        "type": "Point",
        "coordinates": [
          -0.1006351,
          5.634943499999999
        ]
      },
      "properties": {
        "name": "Coastal Estate Junction Taxi Rank",
        "address": "JVMX+XPH, Coastal Main Rd, Accra"
      }
    },
    {
      "type": "Feature",
      "geometry": {
        "type": "Point",
        "coordinates": [
          -0.105431,
          5.637044899999999
        ]
      },
      "properties": {
        "name": "Heritage Investments Hotel",
        "address": "Aviation Highway, Spintex Rd, Accra"
      }
    },
    {
      "type": "Feature",
      "geometry": {
        "type": "Point",
        "coordinates": [
          -0.0593911,
          5.631490599999999
        ]
      },
      "properties": {
        "name": "NTHC Taxi station",
        "address": "Sakumono"
      }
    },
    {
      "type": "Feature",
      "geometry": {
        "type": "Point",
        "coordinates": [
          -0.236365,
          5.6479849
        ]
      },
      "properties": {
        "name": "Dome Crossing, Taxi Rank",
        "address": "Dome Road, Accra"
      }
    },
    {
      "type": "Feature",
      "geometry": {
        "type": "Point",
        "coordinates": [
          -0.1794245,
          5.649464699999999
        ]
      },
      "properties": {
        "name": "Legon Taxi Stand",
        "address": "JRXC+Q6P, Legon E Rd, Accra"
      }
    },
    {
      "type": "Feature",
      "geometry": {
        "type": "Point",
        "coordinates": [
          -0.186202,
          5.6437951
        ]
      },
      "properties": {
        "name": "Achimota Bus Stop - Legon Campus",
        "address": "JRV7+GG7, Noguchie Link, Accra"
      }
    },
    {
      "type": "Feature",
      "geometry": {
        "type": "Point",
        "coordinates": [
          -0.178116,
          5.6416841
        ]
      },
      "properties": {
        "name": "Okponglo Bus Stop",
        "address": "Accra"
      }
    },
    {
      "type": "Feature",
      "geometry": {
        "type": "Point",
        "coordinates": [
          -0.1762356,
          5.641017199999999
        ]
      },
      "properties": {
        "name": "JobHouse HR Outsourcing Company (Ghana)",
        "address": "Opposite Okponglo Taxi Rank"
      }
    },
    {
      "type": "Feature",
      "geometry": {
        "type": "Point",
        "coordinates": [
          -0.1605244,
          5.649275
        ]
      },
      "properties": {
        "name": "Diaspora Network Television (DNT)",
        "address": "Opposite Blue Gate Taxi Rank, No.10 Nii Sai Rd, Accra"
      }
    },
    {
      "type": "Feature",
      "geometry": {
        "type": "Point",
        "coordinates": [
          -0.1299436,
          5.6509675
        ]
      },
      "properties": {
        "name": "Metazjuice",
        "address": "E Legon - Trasacco Estate Rd, Accra"
      }
    },
    {
      "type": "Feature",
      "geometry": {
        "type": "Point",
        "coordinates": [
          -0.1284503,
          5.641245899999999
        ]
      },
      "properties": {
        "name": "Manet Motorway Taxi Rank-Golf house shiashie",
        "address": "JVRC+FJV, Adjiringano Rd, Accra"
      }
    },
    {
      "type": "Feature",
      "geometry": {
        "type": "Point",
        "coordinates": [
          -0.1284215,
          5.6411084
        ]
      },
      "properties": {
        "name": "Motorway Manet Bus stop",
        "address": "JVRC+CJW, Accra"
      }
    },
    {
      "type": "Feature",
      "geometry": {
        "type": "Point",
        "coordinates": [
          -0.0857646,
          5.6495147
        ]
      },
      "properties": {
        "name": "Cambodia Taxi Rank",
        "address": "JWX7+RM5, Accra"
      }
    },
    {
      "type": "Feature",
      "geometry": {
        "type": "Point",
        "coordinates": [
          -0.083622,
          5.6454944
        ]
      },
      "properties": {
        "name": "The O's Frozen Foods",
        "address": "HFC -Taxi Rank, Otu Adzin Rd"
      }
    },
    {
      "type": "Feature",
      "geometry": {
        "type": "Point",
        "coordinates": [
          -0.0712531,
          5.6471711
        ]
      },
      "properties": {
        "name": "Block factory Taxi Rank",
        "address": "Doris D Community 18 block factory, GT-033-9551, D&D road"
      }
    },
    {
      "type": "Feature",
      "geometry": {
        "type": "Point",
        "coordinates": [
          -0.0019348,
          5.646753299999999
        ]
      },
      "properties": {
        "name": "Community 5 Taxi Station",
        "address": "JXWX+P64, Greenwich Meridian Rd, Tema"
      }
    },
    {
      "type": "Feature",
      "geometry": {
        "type": "Point",
        "coordinates": [
          0.0005951999999999999,
          5.6463648
        ]
      },
      "properties": {
        "name": "Prampram Taxi Station, Community 1",
        "address": "J2W2+G6X, Tema"
      }
    },
    {
      "type": "Feature",
      "geometry": {
        "type": "Point",
        "coordinates": [
          0.0032016,
          5.6449684
        ]
      },
      "properties": {
        "name": "TEMA HARBOUR TAXI RANK",
        "address": "J2V3+X7P, Tema"
      }
    },
    {
      "type": "Feature",
      "geometry": {
        "type": "Point",
        "coordinates": [
          0.0017602,
          5.644996799999999
        ]
      },
      "properties": {
        "name": "Manhean taxi rank",
        "address": "J2V2+XPR, Adjeyley Asharley Rd, Tema"
      }
    },
    {
      "type": "Feature",
      "geometry": {
        "type": "Point",
        "coordinates": [
          0.0029175,
          5.644669299999999
        ]
      },
      "properties": {
        "name": "ZUCHI DELUXE",
        "address": "Tema community 1site 20, opposite the hiring station Community 1, main harbour taxi rank, curve, Accra"
      }
    },
    {
      "type": "Feature",
      "geometry": {
        "type": "Point",
        "coordinates": [
          0.0141573,
          5.6441643
        ]
      },
      "properties": {
        "name": "Vodafone office",
        "address": "J2V7+CJV, Tema"
      }
    },
    {
      "type": "Feature",
      "geometry": {
        "type": "Point",
        "coordinates": [
          -0.2674204,
          5.658059799999999
        ]
      },
      "properties": {
        "name": "THE BEAUTY OUTLET",
        "address": "Taxi Rank, GG-544-4743, Accra"
      }
    },
    {
      "type": "Feature",
      "geometry": {
        "type": "Point",
        "coordinates": [
          -0.2533254,
          5.6582192
        ]
      },
      "properties": {
        "name": "Taifa GPRTU Station",
        "address": "MP5W+7MM, Unnamed Road, Taifa"
      }
    },
    {
      "type": "Feature",
      "geometry": {
        "type": "Point",
        "coordinates": [
          -0.2532117,
          5.6580948
        ]
      },
      "properties": {
        "name": "Porkaholics Africa",
        "address": "Taifa Market opp the taxi rank, Taifa"
      }
    },
    {
      "type": "Feature",
      "geometry": {
        "type": "Point",
        "coordinates": [
          -0.2363575,
          5.6483609
        ]
      },
      "properties": {
        "name": "PK DREAM BIG ENTERPRISE",
        "address": "Dome Crossing taxi rank opposite, Accra"
      }
    },
    {
      "type": "Feature",
      "geometry": {
        "type": "Point",
        "coordinates": [
          -0.2165091,
          5.6531346
        ]
      },
      "properties": {
        "name": "Dome Pillar 2, Ohene Down Taxi Rank",
        "address": "9 Trinity St, Accra"
      }
    },
    {
      "type": "Feature",
      "geometry": {
        "type": "Point",
        "coordinates": [
          -0.1389399,
          5.659108199999999
        ]
      },
      "properties": {
        "name": "Dzan ayor taxi rank polytank",
        "address": "MV56+H4M, Madina"
      }
    },
    {
      "type": "Feature",
      "geometry": {
        "type": "Point",
        "coordinates": [
          -0.0142348,
          5.6572906
        ]
      },
      "properties": {
        "name": "Community 10 Junction",
        "address": "MX4P+W86, Heiman Gmeiner"
      }
    },
    {
      "type": "Feature",
      "geometry": {
        "type": "Point",
        "coordinates": [
          -0.3662375,
          5.6637146
        ]
      },
      "properties": {
        "name": "Nkrabea Enterprise Ashalaja",
        "address": "MJ7M+FGJ, Ashaladja Town Center Adjacent the Lorry Station/Taxi Rank Off The Road of Justice, Oduman"
      }
    },
    {
      "type": "Feature",
      "geometry": {
        "type": "Point",
        "coordinates": [
          -0.3007897,
          5.6646516
        ]
      },
      "properties": {
        "name": "God Hands Local Foods",
        "address": "Amamorle, Taxi Rank, Accra"
      }
    },
    {
      "type": "Feature",
      "geometry": {
        "type": "Point",
        "coordinates": [
          -0.2994987,
          5.6649517
        ]
      },
      "properties": {
        "name": "Odumasi Bus Stop",
        "address": "MP72+X6J, Amamorley Community Town"
      }
    },
    {
      "type": "Feature",
      "geometry": {
        "type": "Point",
        "coordinates": [
          -0.2392165,
          5.6676031
        ]
      },
      "properties": {
        "name": "Atomic Down, Roundabout",
        "address": "Taifa"
      }
    },
    {
      "type": "Feature",
      "geometry": {
        "type": "Point",
        "coordinates": [
          -0.238491,
          5.6678166
        ]
      },
      "properties": {
        "name": "Accra Trotro Station (Atomic Down)",
        "address": "MQ96+4JC, ACI Rd"
      }
    },
    {
      "type": "Feature",
      "geometry": {
        "type": "Point",
        "coordinates": [
          -0.2147169,
          5.667589800000001
        ]
      },
      "properties": {
        "name": "Asore Junction",
        "address": "Accra"
      }
    },
    {
      "type": "Feature",
      "geometry": {
        "type": "Point",
        "coordinates": [
          -0.2050816,
          5.6675491
        ]
      },
      "properties": {
        "name": "Ecomog Taxi Station",
        "address": "MQ9V+2X7, Haatso-Atomic Rd, Haatso"
      }
    },
    {
      "type": "Feature",
      "geometry": {
        "type": "Point",
        "coordinates": [
          -0.2054972,
          5.6679349
        ]
      },
      "properties": {
        "name": "Total Fuel Station - Haatso",
        "address": "Haatso-Atomic Rd, Accra"
      }
    },
    {
      "type": "Feature",
      "geometry": {
        "type": "Point",
        "coordinates": [
          -0.1814384,
          5.6625652
        ]
      },
      "properties": {
        "name": "Taxi Rank",
        "address": "MR79+2CF, Unnamed Road, Accra"
      }
    },
    {
      "type": "Feature",
      "geometry": {
        "type": "Point",
        "coordinates": [
          -0.1771481,
          5.667036
        ]
      },
      "properties": {
        "name": "INSTANT BUY VENTURES",
        "address": "Taxi Rank, Atomic Junction Roundabout, Accra"
      }
    },
    {
      "type": "Feature",
      "geometry": {
        "type": "Point",
        "coordinates": [
          -0.075884,
          5.6611823
        ]
      },
      "properties": {
        "name": "Motorway Borteyman Taxi Station",
        "address": "MW6F+HGQ, Accra"
      }
    },
    {
      "type": "Feature",
      "geometry": {
        "type": "Point",
        "coordinates": [
          -0.3086076,
          5.6721222
        ]
      },
      "properties": {
        "name": "Ga Odumase Taxi Rank",
        "address": "MMCR+RHR, Amamorley Community Town"
      }
    },
    {
      "type": "Feature",
      "geometry": {
        "type": "Point",
        "coordinates": [
          -0.2716092,
          5.672639999999999
        ]
      },
      "properties": {
        "name": "Agya Herbal Riders",
        "address": "Taifa"
      }
    },
    {
      "type": "Feature",
      "geometry": {
        "type": "Point",
        "coordinates": [
          -0.2505936,
          5.67403
        ]
      },
      "properties": {
        "name": "Black gate Taxi Rank",
        "address": "MPFX+JQ7, DN Uber driver st, Taifa - Burkina Rd, Accra"
      }
    },
    {
      "type": "Feature",
      "geometry": {
        "type": "Point",
        "coordinates": [
          -0.2507132,
          5.67392
        ]
      },
      "properties": {
        "name": "The Forsons Bar and Restaurant",
        "address": "Black gate Taxi Rank, Taifa"
      }
    },
    {
      "type": "Feature",
      "geometry": {
        "type": "Point",
        "coordinates": [
          -0.2484468,
          5.675553
        ]
      },
      "properties": {
        "name": "Kwabenya taxi station",
        "address": "MQG2+6J6, Kwabenya"
      }
    },
    {
      "type": "Feature",
      "geometry": {
        "type": "Point",
        "coordinates": [
          -0.2388101,
          5.674911700000001
        ]
      },
      "properties": {
        "name": "Wonder Junction",
        "address": "MQF6+XF8, Kwabenya"
      }
    },
    {
      "type": "Feature",
      "geometry": {
        "type": "Point",
        "coordinates": [
          -0.1736086,
          5.678249999999999
        ]
      },
      "properties": {
        "name": "Zongo Junction Taxi Rank",
        "address": "604 New Rd, Madina"
      }
    },
    {
      "type": "Feature",
      "geometry": {
        "type": "Point",
        "coordinates": [
          -0.1728469,
          5.678161999999999
        ]
      },
      "properties": {
        "name": "Zongo Junction",
        "address": "Madina"
      }
    },
    {
      "type": "Feature",
      "geometry": {
        "type": "Point",
        "coordinates": [
          -0.1696861,
          5.6784398
        ]
      },
      "properties": {
        "name": "HOPE SMART CAR & SHOPPING CARD",
        "address": "MADINA TAXI RANK, Madina"
      }
    },
    {
      "type": "Feature",
      "geometry": {
        "type": "Point",
        "coordinates": [
          -0.1733535,
          5.6779251
        ]
      },
      "properties": {
        "name": "Madina zongo junction bus stop",
        "address": "MRHG+5H2, Legon E Rd, Madina"
      }
    },
    {
      "type": "Feature",
      "geometry": {
        "type": "Point",
        "coordinates": [
          -0.1645491,
          5.677397099999999
        ]
      },
      "properties": {
        "name": "MADINA TAXI RANK",
        "address": "F83 Aborlebu Cres, Madina"
      }
    },
    {
      "type": "Feature",
      "geometry": {
        "type": "Point",
        "coordinates": [
          -0.1594717,
          5.6769917
        ]
      },
      "properties": {
        "name": "Madina",
        "address": "MRGR+G7R Mahogany, Boundary Rd, Madina"
      }
    },
    {
      "type": "Feature",
      "geometry": {
        "type": "Point",
        "coordinates": [
          -0.1651115,
          5.6778844
        ]
      },
      "properties": {
        "name": "DHL Service Point (DREAM PACK ENTERPRISE)",
        "address": "TAXI RANK, MADINA, Accra"
      }
    },
    {
      "type": "Feature",
      "geometry": {
        "type": "Point",
        "coordinates": [
          -0.1642397,
          5.6778349
        ]
      },
      "properties": {
        "name": "DHL Service Point (JORAPH PRINT SOLUTION)",
        "address": "MADINA TAXI RANK ADJACENT ECOBANK Madina Taxi Rank Opposite ECOBANK"
      }
    },
    {
      "type": "Feature",
      "geometry": {
        "type": "Point",
        "coordinates": [
          -0.1645091,
          5.6775125
        ]
      },
      "properties": {
        "name": "Rapidlink Microfinance",
        "address": "Madina taxi rank, Madina"
      }
    },
    {
      "type": "Feature",
      "geometry": {
        "type": "Point",
        "coordinates": [
          -0.1650169,
          5.677514599999999
        ]
      },
      "properties": {
        "name": "Fastnet Internet Cafe",
        "address": "MADINA TAXI RANK, Madina"
      }
    },
    {
      "type": "Feature",
      "geometry": {
        "type": "Point",
        "coordinates": [
          -0.1663579,
          5.6731379
        ]
      },
      "properties": {
        "name": "TINA WORTH VENTURES",
        "address": "MRFM+7F2 MADINA TAXI RANK, Madina"
      }
    },
    {
      "type": "Feature",
      "geometry": {
        "type": "Point",
        "coordinates": [
          -0.1652336,
          5.6775744
        ]
      },
      "properties": {
        "name": "A A enterprise furniture and carpets madina",
        "address": "MRHM+2WJ MADINA TAXI RANK, Madina"
      }
    },
    {
      "type": "Feature",
      "geometry": {
        "type": "Point",
        "coordinates": [
          -0.164973,
          5.6758336
        ]
      },
      "properties": {
        "name": "Truecut Men's Grooming",
        "address": "MRGM+8XQ, Queen of Peace Road Taxi Rank Bus stop, Madina"
      }
    },
    {
      "type": "Feature",
      "geometry": {
        "type": "Point",
        "coordinates": [
          -0.1647466,
          5.677361299999999
        ]
      },
      "properties": {
        "name": "JDB Enterprise",
        "address": "Ground Floor, 2nd Shop, Opposite Ebenezer Methodist Church, Madina Taxi Rank, Madina"
      }
    },
    {
      "type": "Feature",
      "geometry": {
        "type": "Point",
        "coordinates": [
          -0.1648305,
          5.6755189
        ]
      },
      "properties": {
        "name": "Ghbraider Madina",
        "address": "Taxi Rank, Madina, Accra"
      }
    },
    {
      "type": "Feature",
      "geometry": {
        "type": "Point",
        "coordinates": [
          -0.1506222,
          5.6783967
        ]
      },
      "properties": {
        "name": "Ogbojo New Market taxi rank",
        "address": "Nii Olloli st, Accra"
      }
    },
    {
      "type": "Feature",
      "geometry": {
        "type": "Point",
        "coordinates": [
          -0.1653459,
          5.6760198
        ]
      },
      "properties": {
        "name": "Cable tech",
        "address": "opposite Abokobi rural bank, Madina taxi rank, Madina"
      }
    },
    {
      "type": "Feature",
      "geometry": {
        "type": "Point",
        "coordinates": [
          -0.1377654,
          5.6798891
        ]
      },
      "properties": {
        "name": "Alliance Consult",
        "address": "MVH6+XV5 highways taxi rank, Accra"
      }
    },
    {
      "type": "Feature",
      "geometry": {
        "type": "Point",
        "coordinates": [
          -0.0585696,
          5.675320699999999
        ]
      },
      "properties": {
        "name": "Kanewu Taxi Station",
        "address": "MWGR+4HP, Lashibi"
      }
    },
    {
      "type": "Feature",
      "geometry": {
        "type": "Point",
        "coordinates": [
          -0.06267149999999999,
          5.6763973
        ]
      },
      "properties": {
        "name": "Bernice (Akuyovi) Provisions",
        "address": "Pharmacy, KANEWU, Ghana (Off Kanewu Taxi Rank, Adjacent Kudus"
      }
    },
    {
      "type": "Feature",
      "geometry": {
        "type": "Point",
        "coordinates": [
          -0.010738,
          5.674614
        ]
      },
      "properties": {
        "name": "C8, Taxi Rank, Tema",
        "address": "MXFQ+XP6, Sixth Ave, Tema"
      }
    },
    {
      "type": "Feature",
      "geometry": {
        "type": "Point",
        "coordinates": [
          0.0229584,
          5.672238
        ]
      },
      "properties": {
        "name": "Valco Bridge",
        "address": "M2CF+V5W, Unnamed Road, Tema"
      }
    },
    {
      "type": "Feature",
      "geometry": {
        "type": "Point",
        "coordinates": [
          -0.33624,
          5.6810619
        ]
      },
      "properties": {
        "name": "Obeyeyie Taxi Station",
        "address": "MMJ7+CGC, Achiaman"
      }
    },
    {
      "type": "Feature",
      "geometry": {
        "type": "Point",
        "coordinates": [
          -0.304179,
          5.681261399999999
        ]
      },
      "properties": {
        "name": "SDA Bus Stop",
        "address": "MMJW+G84, Amamorley Community Town"
      }
    },
    {
      "type": "Feature",
      "geometry": {
        "type": "Point",
        "coordinates": [
          -0.3071428,
          5.6872971
        ]
      },
      "properties": {
        "name": "W/O Taxi Rank",
        "address": "MMPV+W49, Abease"
      }
    },
    {
      "type": "Feature",
      "geometry": {
        "type": "Point",
        "coordinates": [
          -0.2809413,
          5.6885488
        ]
      },
      "properties": {
        "name": "Madina - Kwabenya Lorry Station",
        "address": "MPQ9+CJ7, Kwabenya"
      }
    },
    {
      "type": "Feature",
      "geometry": {
        "type": "Point",
        "coordinates": [
          -0.2310736,
          5.6838941
        ]
      },
      "properties": {
        "name": "Bridge Bus Stop Taxi Rank",
        "address": "MQM9+HH3, Kwabenya"
      }
    },
    {
      "type": "Feature",
      "geometry": {
        "type": "Point",
        "coordinates": [
          -0.2104062,
          5.684597
        ]
      },
      "properties": {
        "name": "Bohye Taxi Rank",
        "address": "MQMQ+RRQ Bohye Bohye taxi rank, Haatso"
      }
    },
    {
      "type": "Feature",
      "geometry": {
        "type": "Point",
        "coordinates": [
          -0.2131831,
          5.6837753
        ]
      },
      "properties": {
        "name": "Dwell Studios",
        "address": "Bohye Taxi Rank, Accra"
      }
    },
    {
      "type": "Feature",
      "geometry": {
        "type": "Point",
        "coordinates": [
          -0.2135074,
          5.6848702
        ]
      },
      "properties": {
        "name": "Granny's 5av Burkina",
        "address": "Bohye taxi rank Haatso, bohye"
      }
    },
    {
      "type": "Feature",
      "geometry": {
        "type": "Point",
        "coordinates": [
          -0.2110465,
          5.6836707
        ]
      },
      "properties": {
        "name": "Mosque",
        "address": "MQMQ+QQ6, Narhman Bohye Taxi Rank, Haatso"
      }
    },
    {
      "type": "Feature",
      "geometry": {
        "type": "Point",
        "coordinates": [
          -0.1724354,
          5.6811343
        ]
      },
      "properties": {
        "name": "Zenith Bank - Madina Branch",
        "address": "Junction, Taxi Rank, Madina"
      }
    },
    {
      "type": "Feature",
      "geometry": {
        "type": "Point",
        "coordinates": [
          -0.1482646,
          5.686159099999999
        ]
      },
      "properties": {
        "name": "Taxi Stand",
        "address": "MVP2+FM9, Madina"
      }
    },
    {
      "type": "Feature",
      "geometry": {
        "type": "Point",
        "coordinates": [
          -0.1399189,
          5.6848373
        ]
      },
      "properties": {
        "name": "KAS Royal Ventures (Accra)",
        "address": "Accra Lakeside Taxi Rank"
      }
    },
    {
      "type": "Feature",
      "geometry": {
        "type": "Point",
        "coordinates": [
          -0.1376079,
          5.6853123
        ]
      },
      "properties": {
        "name": "Lakeside Estates Taxi Service",
        "address": "MVP6+4XC, Madina"
      }
    },
    {
      "type": "Feature",
      "geometry": {
        "type": "Point",
        "coordinates": [
          -0.07199849999999999,
          5.682628600000001
        ]
      },
      "properties": {
        "name": "King Solomon City Taxi Rank",
        "address": "MWMH+36, Santeo"
      }
    },
    {
      "type": "Feature",
      "geometry": {
        "type": "Point",
        "coordinates": [
          -0.07239369999999999,
          5.6828499
        ]
      },
      "properties": {
        "name": "Tema spicy kitchen",
        "address": "King Solomon city taxi rank, Tema"
      }
    },
    {
      "type": "Feature",
      "geometry": {
        "type": "Point",
        "coordinates": [
          -0.3312832,
          5.693425599999999
        ]
      },
      "properties": {
        "name": "Darusalam Taxi Rank Amasama (Near MOFFA Herbal Center)",
        "address": "MMV9+9FG, Amasaman"
      }
    },
    {
      "type": "Feature",
      "geometry": {
        "type": "Point",
        "coordinates": [
          -0.2923507,
          5.6981511
        ]
      },
      "properties": {
        "name": "Fise Taxi Station",
        "address": "Amasaman"
      }
    },
    {
      "type": "Feature",
      "geometry": {
        "type": "Point",
        "coordinates": [
          -0.2881461,
          5.6921672
        ]
      },
      "properties": {
        "name": "MJ PET AND VETERINARY SERVICES LTD",
        "address": "Opposite festus hotel pokuase, Taxi rank, Taxi rank opposite festus hotel, 5.6923628, -0.2882808, Pokuase"
      }
    },
    {
      "type": "Feature",
      "geometry": {
        "type": "Point",
        "coordinates": [
          -0.2481996,
          5.691529699999999
        ]
      },
      "properties": {
        "name": "CTS LAUNDRY",
        "address": "MQR2+JP7 Kwabenya-Taxi Rank, Kwabenya"
      }
    },
    {
      "type": "Feature",
      "geometry": {
        "type": "Point",
        "coordinates": [
          -0.1891494,
          5.6988237
        ]
      },
      "properties": {
        "name": "Suncity Taxi Rank",
        "address": "MRX6+G8H, Adenta Municipality"
      }
    },
    {
      "type": "Feature",
      "geometry": {
        "type": "Point",
        "coordinates": [
          -0.1891732,
          5.6989319
        ]
      },
      "properties": {
        "name": "Elvis Chemist Limited Agbogba",
        "address": "taxi rank, Agbogba"
      }
    },
    {
      "type": "Feature",
      "geometry": {
        "type": "Point",
        "coordinates": [
          -0.1846453,
          5.6989451
        ]
      },
      "properties": {
        "name": "Angel View Adenta",
        "address": "Nii Kodia Rd, street"
      }
    },
    {
      "type": "Feature",
      "geometry": {
        "type": "Point",
        "coordinates": [
          -0.1887845,
          5.6987257
        ]
      },
      "properties": {
        "name": "Focuz1zcollections",
        "address": "Adjecent Suncity Bridge Near Suncity Taxi Rank, Adenta Municipality"
      }
    },
    {
      "type": "Feature",
      "geometry": {
        "type": "Point",
        "coordinates": [
          -0.1857882,
          5.6990874
        ]
      },
      "properties": {
        "name": "JAMI-HUTCH PHARMACY",
        "address": "Sakora NO 5 Taxi Rank"
      }
    },
    {
      "type": "Feature",
      "geometry": {
        "type": "Point",
        "coordinates": [
          -0.1854385,
          5.6995476
        ]
      },
      "properties": {
        "name": "Bk Entertainment Studio's",
        "address": "Sakora Taxi Rank, Digital Address: GM-055-7495 North Legon, Agbogba"
      }
    },
    {
      "type": "Feature",
      "geometry": {
        "type": "Point",
        "coordinates": [
          -0.1722779,
          5.6980525
        ]
      },
      "properties": {
        "name": "Nexpro Creative Hub",
        "address": "Sakora Taxi rank, Adenta SDA Junction, Accra"
      }
    },
    {
      "type": "Feature",
      "geometry": {
        "type": "Point",
        "coordinates": [
          -0.1661443,
          5.699879
        ]
      },
      "properties": {
        "name": "Adenta Shopping Mall Taxi Rank",
        "address": "MRXM+XG5, Adenta Municipality"
      }
    },
    {
      "type": "Feature",
      "geometry": {
        "type": "Point",
        "coordinates": [
          -0.0337718,
          5.6930008
        ]
      },
      "properties": {
        "name": "Official Town Taxi Rank",
        "address": "MXV8+6F5, Tema"
      }
    },
    {
      "type": "Feature",
      "geometry": {
        "type": "Point",
        "coordinates": [
          -0.0326531,
          5.6931346
        ]
      },
      "properties": {
        "name": "M-TOYS HOME & STATIONERY",
        "address": "Official Town, Official Town Taxi Rank, Opposite SoccerBet Digital Address: GB - 014 - 3959"
      }
    },
    {
      "type": "Feature",
      "geometry": {
        "type": "Point",
        "coordinates": [
          -0.0249111,
          5.6980015
        ]
      },
      "properties": {
        "name": "Official Town Taxi Rank",
        "address": "MXRF+P4M, Tema Highway, Tema"
      }
    },
    {
      "type": "Feature",
      "geometry": {
        "type": "Point",
        "coordinates": [
          -0.0247353,
          5.6947199
        ]
      },
      "properties": {
        "name": "Official Town Taxi Rank Bus Stop",
        "address": "Ghana"
      }
    },
    {
      "type": "Feature",
      "geometry": {
        "type": "Point",
        "coordinates": [
          -0.0251397,
          5.694992399999999
        ]
      },
      "properties": {
        "name": "Bema provision shop",
        "address": "MXVF+XWV, Official Town Taxi Rank Bus Stop, Tema"
      }
    },
    {
      "type": "Feature",
      "geometry": {
        "type": "Point",
        "coordinates": [
          -0.0269049,
          5.6969809
        ]
      },
      "properties": {
        "name": "SINCERITY FASHION CENTER",
        "address": "Official Town, Official Town Taxi Rank, Jaga Street"
      }
    },
    {
      "type": "Feature",
      "geometry": {
        "type": "Point",
        "coordinates": [
          -0.3384425,
          5.7048101
        ]
      },
      "properties": {
        "name": "Valentine taxi rank",
        "address": "PM36+HW, Achiaman"
      }
    },
    {
      "type": "Feature",
      "geometry": {
        "type": "Point",
        "coordinates": [
          -0.2988159,
          5.7071223
        ]
      },
      "properties": {
        "name": "Stadium Road Taxi Rank",
        "address": "PP42+RFV, Stadium Road Accra, Stadium Road, Amasaman"
      }
    },
    {
      "type": "Feature",
      "geometry": {
        "type": "Point",
        "coordinates": [
          -0.2986345,
          5.7059761
        ]
      },
      "properties": {
        "name": "Manhean Afuaman Station",
        "address": "PP42+9GX, Amasaman"
      }
    },
    {
      "type": "Feature",
      "geometry": {
        "type": "Point",
        "coordinates": [
          -0.29878,
          5.7056742
        ]
      },
      "properties": {
        "name": "Amasaman Trotro Station",
        "address": "PP42+7F9, Amasaman"
      }
    },
    {
      "type": "Feature",
      "geometry": {
        "type": "Point",
        "coordinates": [
          -0.2987988,
          5.7058795
        ]
      },
      "properties": {
        "name": "Amasaman lorry station",
        "address": "PP42+9F4, Amasaman"
      }
    },
    {
      "type": "Feature",
      "geometry": {
        "type": "Point",
        "coordinates": [
          -0.2805537,
          5.708322799999999
        ]
      },
      "properties": {
        "name": "Abensu Taxi Station",
        "address": "PP59+8QG, Abensu, Greater, Amasaman"
      }
    },
    {
      "type": "Feature",
      "geometry": {
        "type": "Point",
        "coordinates": [
          -0.2487224,
          5.693929
        ]
      },
      "properties": {
        "name": "Hair Fire Salon",
        "address": "Taxi Rank, Kwabenya"
      }
    },
    {
      "type": "Feature",
      "geometry": {
        "type": "Point",
        "coordinates": [
          -0.2163397,
          5.7019433
        ]
      },
      "properties": {
        "name": "KELSDON COLLECTION",
        "address": "Old Ashomang Taxi Rank, Accra"
      }
    },
    {
      "type": "Feature",
      "geometry": {
        "type": "Point",
        "coordinates": [
          -0.217067,
          5.701951999999999
        ]
      },
      "properties": {
        "name": "H&R Residence, Ashongman Village",
        "address": "Purewater Rd, Taxi Rank, House # 7"
      }
    },
    {
      "type": "Feature",
      "geometry": {
        "type": "Point",
        "coordinates": [
          -0.1885575,
          5.7039791
        ]
      },
      "properties": {
        "name": "7 Clouds Ventures",
        "address": "Nii Kodia Rd Sakora No.5 Taxi Rank Adenta-Sakora"
      }
    },
    {
      "type": "Feature",
      "geometry": {
        "type": "Point",
        "coordinates": [
          -0.1710116,
          5.710037499999999
        ]
      },
      "properties": {
        "name": "Taxi rank adenta",
        "address": "PR5H+XH6, N 4, Adenta Municipality"
      }
    },
    {
      "type": "Feature",
      "geometry": {
        "type": "Point",
        "coordinates": [
          -0.1716644,
          5.709403000000001
        ]
      },
      "properties": {
        "name": "SEFA BAGS",
        "address": "Adenta Taxi Rank Adenta, Barrier"
      }
    },
    {
      "type": "Feature",
      "geometry": {
        "type": "Point",
        "coordinates": [
          -0.1705853,
          5.7060245
        ]
      },
      "properties": {
        "name": "Shell Filling Station - Adenta",
        "address": "PR4H+9QV, Lame Dwaahe St"
      }
    },
    {
      "type": "Feature",
      "geometry": {
        "type": "Point",
        "coordinates": [
          -0.1889093,
          5.6980255
        ]
      },
      "properties": {
        "name": "Ruya Beauty Lounge",
        "address": "Suncity taxi rank, Accra"
      }
    },
    {
      "type": "Feature",
      "geometry": {
        "type": "Point",
        "coordinates": [
          -0.1881868,
          5.7040635
        ]
      },
      "properties": {
        "name": "Kleds Africa",
        "address": "Nii Kodia Rd Sakora No.5 Taxi Rank Adenta, Sakora"
      }
    },
    {
      "type": "Feature",
      "geometry": {
        "type": "Point",
        "coordinates": [
          -0.1884231,
          5.7029603
        ]
      },
      "properties": {
        "name": "Pinto\u2019s House",
        "address": "Nii Kodia Rd Sakora No.5 Taxi Rank Adenta-Sakora"
      }
    },
    {
      "type": "Feature",
      "geometry": {
        "type": "Point",
        "coordinates": [
          -0.1885765,
          5.7044038
        ]
      },
      "properties": {
        "name": "1st Darko Close",
        "address": "Nii Kodia Rd Sakora No.5 Taxi Rank Adenta, Sakora"
      }
    },
    {
      "type": "Feature",
      "geometry": {
        "type": "Point",
        "coordinates": [
          -0.1706076,
          5.7102606
        ]
      },
      "properties": {
        "name": "Surprise Salon Adenta",
        "address": "Taxi Rank, Adenta Municipality"
      }
    },
    {
      "type": "Feature",
      "geometry": {
        "type": "Point",
        "coordinates": [
          -0.1717137,
          5.7106929
        ]
      },
      "properties": {
        "name": "Accra Institute of Excellence (AIE)",
        "address": "taxi rank, Adenta Taxi rank opposite the total Filling Station, Adenta Municipality"
      }
    },
    {
      "type": "Feature",
      "geometry": {
        "type": "Point",
        "coordinates": [
          -0.1717287,
          5.710130899999999
        ]
      },
      "properties": {
        "name": "Tomz Fashion Hub - Adenta",
        "address": "Adenta Taxi Rank, Adenta Municipality"
      }
    },
    {
      "type": "Feature",
      "geometry": {
        "type": "Point",
        "coordinates": [
          -0.1716806,
          5.7098966
        ]
      },
      "properties": {
        "name": "PRAYER ARENA- THE PRAYER HUB",
        "address": "Taxi Rank, Aburi Road, Adenta Municipality"
      }
    },
    {
      "type": "Feature",
      "geometry": {
        "type": "Point",
        "coordinates": [
          -0.1475612,
          5.704888
        ]
      },
      "properties": {
        "name": "Shopping Mall Taxi Rank Adenta",
        "address": "38 Ayaben St, Adenta Municipality"
      }
    },
    {
      "type": "Feature",
      "geometry": {
        "type": "Point",
        "coordinates": [
          -0.0300625,
          5.7028057
        ]
      },
      "properties": {
        "name": "Ashaiman Newtown Taxi Rank",
        "address": "PX39+4XG, Tema Highway, Tema"
      }
    },
    {
      "type": "Feature",
      "geometry": {
        "type": "Point",
        "coordinates": [
          -0.0307563,
          5.7019463
        ]
      },
      "properties": {
        "name": "Ya Sultan Studio",
        "address": "New Town Taxi Rank, Ashaiman NewTown Taxi Rank Tema C21 ANNEX"
      }
    },
    {
      "type": "Feature",
      "geometry": {
        "type": "Point",
        "coordinates": [
          -0.0291088,
          5.7014588
        ]
      },
      "properties": {
        "name": "AFA CAMBRIDGE SCHOOL",
        "address": "GB-023-4603 ASHAIMAN NEW TOWN 60 metres behind the New Town Taxi Rank"
      }
    },
    {
      "type": "Feature",
      "geometry": {
        "type": "Point",
        "coordinates": [
          -0.02864419999999999,
          5.702433399999999
        ]
      },
      "properties": {
        "name": "JUCHAKA SHILOHSTUDIOSS",
        "address": "Newtown Taxi Rank, James Ayornu street, Accra"
      }
    },
    {
      "type": "Feature",
      "geometry": {
        "type": "Point",
        "coordinates": [
          -0.0154118,
          5.7085229
        ]
      },
      "properties": {
        "name": "Afariwa Taxi Station",
        "address": "PX5M+7X8, Tema"
      }
    },
    {
      "type": "Feature",
      "geometry": {
        "type": "Point",
        "coordinates": [
          -0.3236448,
          5.7128654
        ]
      },
      "properties": {
        "name": "Lynkiss Naturals and Organics",
        "address": "Cocobod Taxi Rank Last Stop, Amasaman, Accra"
      }
    },
    {
      "type": "Feature",
      "geometry": {
        "type": "Point",
        "coordinates": [
          -0.3238845,
          5.7133468
        ]
      },
      "properties": {
        "name": "Amasaman -Opah",
        "address": "PM7G+8CX Opah Near Cocobod Taxi Rank, Amasaman"
      }
    },
    {
      "type": "Feature",
      "geometry": {
        "type": "Point",
        "coordinates": [
          -0.291019,
          5.7208445
        ]
      },
      "properties": {
        "name": "ANYWAY Taxi Rank",
        "address": "PPC5+G86, Amasaman"
      }
    },
    {
      "type": "Feature",
      "geometry": {
        "type": "Point",
        "coordinates": [
          -0.2366769,
          5.7118844
        ]
      },
      "properties": {
        "name": "Bank Taxi Rank - GPRTU",
        "address": "PQ67+Q84, Unnamed Road, Kwabenya"
      }
    },
    {
      "type": "Feature",
      "geometry": {
        "type": "Point",
        "coordinates": [
          -0.1716912,
          5.7111056
        ]
      },
      "properties": {
        "name": "KRIST OSEI ENT",
        "address": "Adenta Taxi rank, Adenta Municipality"
      }
    },
    {
      "type": "Feature",
      "geometry": {
        "type": "Point",
        "coordinates": [
          -0.1691346,
          5.711287
        ]
      },
      "properties": {
        "name": "Edip Block Factory (Adenta Branch)",
        "address": "Taxi Rank, Adenta - Dodowa Rd, Accra"
      }
    },
    {
      "type": "Feature",
      "geometry": {
        "type": "Point",
        "coordinates": [
          -0.1351383,
          5.7175093
        ]
      },
      "properties": {
        "name": "New Legon Taxi Rank",
        "address": "41 New Legon Rd, Adenta Municipality"
      }
    },
    {
      "type": "Feature",
      "geometry": {
        "type": "Point",
        "coordinates": [
          -0.1352781,
          5.7174187
        ]
      },
      "properties": {
        "name": "Sweetie\u2019s Kitchen Newlegon Taxi Rank",
        "address": "Taxi Rank, New Legon Rd, Adenta Municipality"
      }
    },
    {
      "type": "Feature",
      "geometry": {
        "type": "Point",
        "coordinates": [
          -0.1224848,
          5.713712399999999
        ]
      },
      "properties": {
        "name": "Transformer Last Stop taxi station",
        "address": "PV7H+F2J, Transformer Last stop, Lakeside Estate, Adenta Municipality"
      }
    },
    {
      "type": "Feature",
      "geometry": {
        "type": "Point",
        "coordinates": [
          -0.0146019,
          5.7145239
        ]
      },
      "properties": {
        "name": "Titek Farms Sign",
        "address": "PX7P+R52, Tema"
      }
    },
    {
      "type": "Feature",
      "geometry": {
        "type": "Point",
        "coordinates": [
          0.1093614,
          5.7117853
        ]
      },
      "properties": {
        "name": "PramPram taxi rank",
        "address": "P466+P28 Prampram Polyclinic, Prampram"
      }
    },
    {
      "type": "Feature",
      "geometry": {
        "type": "Point",
        "coordinates": [
          -0.3124237,
          5.730013899999999
        ]
      },
      "properties": {
        "name": "Macedonia Junction",
        "address": "Nsawam Road, Medie"
      }
    },
    {
      "type": "Feature",
      "geometry": {
        "type": "Point",
        "coordinates": [
          -0.3116291,
          5.726373
        ]
      },
      "properties": {
        "name": "Pharmacy",
        "address": "PMGQ+G8X Sarpeiman, Opah Taxi Rank, Accra"
      }
    },
    {
      "type": "Feature",
      "geometry": {
        "type": "Point",
        "coordinates": [
          -0.2914529,
          5.7212154
        ]
      },
      "properties": {
        "name": "CKK Lodge",
        "address": "Anyway Taxi Rank Heritage Christian college, Amasaman"
      }
    },
    {
      "type": "Feature",
      "geometry": {
        "type": "Point",
        "coordinates": [
          -0.2865619,
          5.723021699999999
        ]
      },
      "properties": {
        "name": "New Life Last Stop",
        "address": "PPF7+694, DN Uber Driver Road, Amasaman Stadium Area, Amasaman"
      }
    },
    {
      "type": "Feature",
      "geometry": {
        "type": "Point",
        "coordinates": [
          -0.2069432,
          5.7300816
        ]
      },
      "properties": {
        "name": "Abokobi Boi junction",
        "address": "Adenta Municipality"
      }
    },
    {
      "type": "Feature",
      "geometry": {
        "type": "Point",
        "coordinates": [
          -0.1721234,
          5.713659900000001
        ]
      },
      "properties": {
        "name": "PKN Focus Car Rentals",
        "address": "Adenta Taxi Rank, Accra"
      }
    },
    {
      "type": "Feature",
      "geometry": {
        "type": "Point",
        "coordinates": [
          -0.3148501,
          5.7383349
        ]
      },
      "properties": {
        "name": "Treba Taxi Rank",
        "address": "Container, Accra"
      }
    },
    {
      "type": "Feature",
      "geometry": {
        "type": "Point",
        "coordinates": [
          -0.3182602,
          5.746206
        ]
      },
      "properties": {
        "name": "Satellite Junction Taxi Station, Kutunse",
        "address": "Accra - Kumasi Rd"
      }
    },
    {
      "type": "Feature",
      "geometry": {
        "type": "Point",
        "coordinates": [
          -0.1774097,
          5.7444563
        ]
      },
      "properties": {
        "name": "Oyarifa taxi rank",
        "address": "PRVF+Q2P, Abokobi Road, Pantang West"
      }
    },
    {
      "type": "Feature",
      "geometry": {
        "type": "Point",
        "coordinates": [
          -0.1780392,
          5.7438904
        ]
      },
      "properties": {
        "name": "Dita Plastics and More",
        "address": "Taxi Rank, Oyarifa"
      }
    },
    {
      "type": "Feature",
      "geometry": {
        "type": "Point",
        "coordinates": [
          -0.1517128,
          5.745576199999999
        ]
      },
      "properties": {
        "name": "Taxi rank",
        "address": "PRWX+68M, Accra"
      }
    },
    {
      "type": "Feature",
      "geometry": {
        "type": "Point",
        "coordinates": [
          -0.0268623,
          5.7476444
        ]
      },
      "properties": {
        "name": "Gbetsile Station",
        "address": "PXXF+372, Tema"
      }
    },
    {
      "type": "Feature",
      "geometry": {
        "type": "Point",
        "coordinates": [
          -0.1458085,
          5.7574762
        ]
      },
      "properties": {
        "name": "Success furniture.",
        "address": "taxi rank, Adenta dodowa road Amrahia, Accra"
      }
    },
    {
      "type": "Feature",
      "geometry": {
        "type": "Point",
        "coordinates": [
          -0.0046107,
          5.7583286
        ]
      },
      "properties": {
        "name": "EMEFS ESTATE JUNCTION, Afienya Mataheko",
        "address": "QX4X+MQP, Akosombo - Tema Rd, Tema"
      }
    },
    {
      "type": "Feature",
      "geometry": {
        "type": "Point",
        "coordinates": [
          -0.2423986,
          5.7618712
        ]
      },
      "properties": {
        "name": "Koteiman Otsirkomfo junction taxi station",
        "address": "QQ65+P2X Koteiman madina, Madina"
      }
    },
    {
      "type": "Feature",
      "geometry": {
        "type": "Point",
        "coordinates": [
          -0.0026248,
          5.7663087
        ]
      },
      "properties": {
        "name": "White sand taxi rank",
        "address": "White sands, Life Int'l College Rd"
      }
    },
    {
      "type": "Feature",
      "geometry": {
        "type": "Point",
        "coordinates": [
          0.056967,
          5.764916299999999
        ]
      },
      "properties": {
        "name": "CUC Taxi Rank",
        "address": "Q374+XQ8, Dawhenya junction, Afienya"
      }
    },
    {
      "type": "Feature",
      "geometry": {
        "type": "Point",
        "coordinates": [
          -0.1307443,
          5.7882807
        ]
      },
      "properties": {
        "name": "Malejor School Junction Taxi Rank",
        "address": "QVQ9+8P6, Oyibi, Road"
      }
    },
    {
      "type": "Feature",
      "geometry": {
        "type": "Point",
        "coordinates": [
          0.0008382,
          5.789864199999999
        ]
      },
      "properties": {
        "name": "True vine assembly",
        "address": "Q2Q2+W8X, Afienya"
      }
    },
    {
      "type": "Feature",
      "geometry": {
        "type": "Point",
        "coordinates": [
          -0.1272883,
          5.7996058
        ]
      },
      "properties": {
        "name": "\ud835\udc7d\ud835\udc82\ud835\udc8d\ud835\udc8d\ud835\udc86\ud835\udc9a \ud835\udc7d\ud835\udc8a\ud835\udc86\ud835\udc98 \ud835\udc7c\ud835\udc8f\ud835\udc8a\ud835\udc97\ud835\udc86\ud835\udc93\ud835\udc94\ud835\udc8a\ud835\udc95\ud835\udc9a \ud835\udc7b\ud835\udc82\ud835\udc99\ud835\udc8a \ud835\udc79\ud835\udc82\ud835\udc8f\ud835\udc8c",
        "address": "GD-102-4582"
      }
    },
    {
      "type": "Feature",
      "geometry": {
        "type": "Point",
        "coordinates": [
          0.0021077,
          5.7923757
        ]
      },
      "properties": {
        "name": "TAXI RANK JERUSALEM/TOR ESTATES",
        "address": "Q2R2+XR5, Afienya"
      }
    },
    {
      "type": "Feature",
      "geometry": {
        "type": "Point",
        "coordinates": [
          -0.348202,
          5.8095501
        ]
      },
      "properties": {
        "name": "Mobil Lorry Station",
        "address": "RM52+RPF, Nsawam Road, Nsawam"
      }
    },
    {
      "type": "Feature",
      "geometry": {
        "type": "Point",
        "coordinates": [
          0.0068635,
          5.8012437
        ]
      },
      "properties": {
        "name": "Afienya Taxi Rank",
        "address": "R224+FPX, Afienya"
      }
    },
    {
      "type": "Feature",
      "geometry": {
        "type": "Point",
        "coordinates": [
          -0.4018516,
          5.8122539
        ]
      },
      "properties": {
        "name": "Noka Junction",
        "address": "RH7X+252, Adjeikrom"
      }
    },
    {
      "type": "Feature",
      "geometry": {
        "type": "Point",
        "coordinates": [
          -0.1216435,
          5.8160587
        ]
      },
      "properties": {
        "name": "Oyibi Junction Station",
        "address": "RV8H+C8H, R40, Oyibi"
      }
    },
    {
      "type": "Feature",
      "geometry": {
        "type": "Point",
        "coordinates": [
          0.0746767,
          5.8142836
        ]
      },
      "properties": {
        "name": "B-Hand Furniture",
        "address": "Official Town Taxi Rank Bus Stop"
      }
    },
    {
      "type": "Feature",
      "geometry": {
        "type": "Point",
        "coordinates": [
          -0.1166883,
          5.837248199999999
        ]
      },
      "properties": {
        "name": "Sasaabi Junction",
        "address": "RVPM+PCV, Oyibi"
      }
    },
    {
      "type": "Feature",
      "geometry": {
        "type": "Point",
        "coordinates": [
          -0.184323,
          5.842167
        ]
      },
      "properties": {
        "name": "Akuapem South Constituency NDC",
        "address": "RRR8+V77 Near Taxi Stand, Nsawam - Aburi Rd, Aburi"
      }
    },
    {
      "type": "Feature",
      "geometry": {
        "type": "Point",
        "coordinates": [
          -0.1737522,
          5.8483392
        ]
      },
      "properties": {
        "name": "Taxi Stand",
        "address": "RRXG+8FQ, Aburi"
      }
    },
    {
      "type": "Feature",
      "geometry": {
        "type": "Point",
        "coordinates": [
          -0.3560177,
          5.8532117
        ]
      },
      "properties": {
        "name": "SIGNBOARD TAXI STATION",
        "address": "VJ3V+7HQ, Nsawam"
      }
    },
    {
      "type": "Feature",
      "geometry": {
        "type": "Point",
        "coordinates": [
          -0.4550997999999999,
          6.035777
        ]
      },
      "properties": {
        "name": "TonyKay Pharmacy (Suhum Roundabout Branch)",
        "address": "Suhum Overpass Area (Taxi Rank, Suhum"
      }
    },
    {
      "type": "Feature",
      "geometry": {
        "type": "Point",
        "coordinates": [
          -0.257457,
          6.091671
        ]
      },
      "properties": {
        "name": "Taxi station",
        "address": "3PRV+M24, Koforidua"
      }
    },
    {
      "type": "Feature",
      "geometry": {
        "type": "Point",
        "coordinates": [
          -0.2574745,
          6.091658799999999
        ]
      },
      "properties": {
        "name": "Hw\u025b Nea Awurade Ay\u025b Provisions Shop-Koforidua",
        "address": "3PRV+J2P Main Taxi Rank, Koforidua"
      }
    },
    {
      "type": "Feature",
      "geometry": {
        "type": "Point",
        "coordinates": [
          -0.256731,
          6.094183399999999
        ]
      },
      "properties": {
        "name": "Koforidua Car Station",
        "address": "3PVV+M8C, Koforidua"
      }
    },
    {
      "type": "Feature",
      "geometry": {
        "type": "Point",
        "coordinates": [
          -0.2585208,
          6.0905285
        ]
      },
      "properties": {
        "name": "Yummy Smoothies",
        "address": "3PRR+6H9, Near Jackson's Park Taxi Rank, Koforidua"
      }
    },
    {
      "type": "Feature",
      "geometry": {
        "type": "Point",
        "coordinates": [
          -0.2564663,
          6.089674599999999
        ]
      },
      "properties": {
        "name": "Becks Cosmetics",
        "address": "Inside the Taxi Rank, Koforidua"
      }
    },
    {
      "type": "Feature",
      "geometry": {
        "type": "Point",
        "coordinates": [
          0.0439589,
          6.0937801
        ]
      },
      "properties": {
        "name": "okwenya taxi rank",
        "address": "32VV+GH8, Somanya"
      }
    }
  ]
}