{
  "type": "FeatureCollection",
  "features": [
    {
      "type": "Feature",
      "geometry": {
        "type": "LineString",
        "coordinates": [
          [
            -2.027152602763737,
            7.071789402479993
          ],
          [
            -2.0304565640192807,
            7.087898592066821
          ]
        ]
      },
      "properties": {
        "departure_time": "2025-01-04T07:13:39",
        "source_facility": 14,
        "dest_facility": 49,
        "source_category": "demand_point",
        "dest_category": "hospital"
      }
    },
    {
      "type": "Feature",
      "geometry": {
        "type": "LineString",
        "coordinates": [
          [
            -2.0551312500630043,
            7.053041383118824
          ],
          [
            -2.0304565640192807,
            7.087898592066821
          ]
        ]
      },
      "properties": {
        "departure_time": "2025-01-04T07:27:48",
        "source_facility": 4,
        "dest_facility": 49,
        "source_category": "demand_point",
        "dest_category": "hospital"
      }
    },
    {
      "type": "Feature",
      "geometry": {
        "type": "LineString",
        "coordinates": [
          [
            -2.0326247599396328,
            7.062941139205009
          ],
          [
            -2.0304565640192807,
            7.087898592066821
          ]
        ]
      },
      "properties": {
        "departure_time": "2025-01-04T07:24:43",
        "source_facility": 9,
        "dest_facility": 49,
        "source_category": "demand_point",
        "dest_category": "hospital"
      }
    },
    {
      "type": "Feature",
      "geometry": {
        "type": "LineString",
        "coordinates": [
          [
            -2.0304565640192807,
            7.087898592066821
          ],
          [
            -2.029270853870067,
            7.065043713575818
          ]
        ]
      },
      "properties": {
        "departure_time": "2025-01-04T07:58:56",
        "source_facility": 49,
        "dest_facility": 10,
        "source_category": "hospital",
        "dest_category": "demand_point"
      }
    },
    {
      "type": "Feature",
      "geometry": {
        "type": "LineString",
        "coordinates": [
          [
            -2.0304565640192807,
            7.087898592066821
          ],
          [
            -2.02062130306559,
            7.099296798748014
          ]
        ]
      },
      "properties": {
        "departure_time": "2025-01-04T07:04:57",
        "source_facility": 49,
        "dest_facility": 48,
        "source_category": "hospital",
        "dest_category": "demand_point"
      }
    },
    {
      "type": "Feature",
      "geometry": {
        "type": "LineString",
        "coordinates": [
          [
            -2.0304565640192807,
            7.087898592066821
          ],
          [
            -1.9871704646522543,
            7.075030796461661
          ]
        ]
      },
      "properties": {
        "departure_time": "2025-01-04T07:02:17",
        "source_facility": 49,
        "dest_facility": 41,
        "source_category": "hospital",
        "dest_category": "demand_point"
      }
    },
    {
      "type": "Feature",
      "geometry": {
        "type": "LineString",
        "coordinates": [
          [
            -2.062280394211856,
            7.077571350345309
          ],
          [
            -2.0304565640192807,
            7.087898592066821
          ]
        ]
      },
      "properties": {
        "departure_time": "2025-01-04T08:51:53",
        "source_facility": 25,
        "dest_facility": 49,
        "source_category": "demand_point",
        "dest_category": "hospital"
      }
    },
    {
      "type": "Feature",
      "geometry": {
        "type": "LineString",
        "coordinates": [
          [
            -2.024593019647687,
            7.099033993836571
          ],
          [
            -2.0304565640192807,
            7.087898592066821
          ]
        ]
      },
      "properties": {
        "departure_time": "2025-01-04T08:05:28",
        "source_facility": 32,
        "dest_facility": 49,
        "source_category": "demand_point",
        "dest_category": "hospital"
      }
    },
    {
      "type": "Feature",
      "geometry": {
        "type": "LineString",
        "coordinates": [
          [
            -2.0041165244101524,
            7.115064624825351
          ],
          [
            -2.0304565640192807,
            7.087898592066821
          ]
        ]
      },
      "properties": {
        "departure_time": "2025-01-04T08:19:55",
        "source_facility": 43,
        "dest_facility": 49,
        "source_category": "demand_point",
        "dest_category": "hospital"
      }
    },
    {
      "type": "Feature",
      "geometry": {
        "type": "LineString",
        "coordinates": [
          [
            -2.034036944312939,
            7.092989515239779
          ],
          [
            -2.0304565640192807,
            7.087898592066821
          ]
        ]
      },
      "properties": {
        "departure_time": "2025-01-04T08:56:36",
        "source_facility": 27,
        "dest_facility": 49,
        "source_category": "demand_point",
        "dest_category": "hospital"
      }
    },
    {
      "type": "Feature",
      "geometry": {
        "type": "LineString",
        "coordinates": [
          [
            -2.0349195574251193,
            7.086857350517818
          ],
          [
            -2.0304565640192807,
            7.087898592066821
          ]
        ]
      },
      "properties": {
        "departure_time": "2025-01-04T08:17:00",
        "source_facility": 24,
        "dest_facility": 49,
        "source_category": "demand_point",
        "dest_category": "hospital"
      }
    },
    {
      "type": "Feature",
      "geometry": {
        "type": "LineString",
        "coordinates": [
          [
            -2.028564787137044,
            7.081776347887384
          ],
          [
            -2.0304565640192807,
            7.087898592066821
          ]
        ]
      },
      "properties": {
        "departure_time": "2025-01-04T08:44:43",
        "source_facility": 45,
        "dest_facility": 49,
        "source_category": "demand_point",
        "dest_category": "hospital"
      }
    },
    {
      "type": "Feature",
      "geometry": {
        "type": "LineString",
        "coordinates": [
          [
            -2.0304565640192807,
            7.087898592066821
          ],
          [
            -2.0326247599396328,
            7.062941139205009
          ]
        ]
      },
      "properties": {
        "departure_time": "2025-01-04T08:30:48",
        "source_facility": 49,
        "dest_facility": 9,
        "source_category": "hospital",
        "dest_category": "demand_point"
      }
    },
    {
      "type": "Feature",
      "geometry": {
        "type": "LineString",
        "coordinates": [
          [
            -2.0304565640192807,
            7.087898592066821
          ],
          [
            -2.0349195574251193,
            7.086857350517818
          ]
        ]
      },
      "properties": {
        "departure_time": "2025-01-04T08:35:34",
        "source_facility": 49,
        "dest_facility": 24,
        "source_category": "hospital",
        "dest_category": "demand_point"
      }
    },
    {
      "type": "Feature",
      "geometry": {
        "type": "LineString",
        "coordinates": [
          [
            -2.0304565640192807,
            7.087898592066821
          ],
          [
            -2.024593019647687,
            7.099033993836571
          ]
        ]
      },
      "properties": {
        "departure_time": "2025-01-04T08:38:38",
        "source_facility": 49,
        "dest_facility": 32,
        "source_category": "hospital",
        "dest_category": "demand_point"
      }
    },
    {
      "type": "Feature",
      "geometry": {
        "type": "LineString",
        "coordinates": [
          [
            -2.0304565640192807,
            7.087898592066821
          ],
          [
            -2.02229827306946,
            7.097632370720746
          ]
        ]
      },
      "properties": {
        "departure_time": "2025-01-04T08:27:42",
        "source_facility": 49,
        "dest_facility": 33,
        "source_category": "hospital",
        "dest_category": "demand_point"
      }
    },
    {
      "type": "Feature",
      "geometry": {
        "type": "LineString",
        "coordinates": [
          [
            -2.0304565640192807,
            7.087898592066821
          ],
          [
            -2.0243450816239754,
            7.0873009873500195
          ]
        ]
      },
      "properties": {
        "departure_time": "2025-01-04T08:18:44",
        "source_facility": 49,
        "dest_facility": 51,
        "source_category": "hospital",
        "dest_category": "demand_point"
      }
    },
    {
      "type": "Feature",
      "geometry": {
        "type": "LineString",
        "coordinates": [
          [
            -2.0304565640192807,
            7.087898592066821
          ],
          [
            -2.0102065430058387,
            7.079936657231173
          ]
        ]
      },
      "properties": {
        "departure_time": "2025-01-04T08:33:15",
        "source_facility": 49,
        "dest_facility": 47,
        "source_category": "hospital",
        "dest_category": "demand_point"
      }
    },
    {
      "type": "Feature",
      "geometry": {
        "type": "LineString",
        "coordinates": [
          [
            -2.0153256413615925,
            7.113225067248564
          ],
          [
            -2.0304565640192807,
            7.087898592066821
          ]
        ]
      },
      "properties": {
        "departure_time": "2025-01-04T09:24:21",
        "source_facility": 37,
        "dest_facility": 49,
        "source_category": "demand_point",
        "dest_category": "hospital"
      }
    },
    {
      "type": "Feature",
      "geometry": {
        "type": "LineString",
        "coordinates": [
          [
            -2.0268878171331743,
            7.046207806394193
          ],
          [
            -2.0304565640192807,
            7.087898592066821
          ]
        ]
      },
      "properties": {
        "departure_time": "2025-01-04T09:06:39",
        "source_facility": 22,
        "dest_facility": 49,
        "source_category": "demand_point",
        "dest_category": "hospital"
      }
    },
    {
      "type": "Feature",
      "geometry": {
        "type": "LineString",
        "coordinates": [
          [
            -2.0444517043726904,
            7.057158999873224
          ],
          [
            -2.0304565640192807,
            7.087898592066821
          ]
        ]
      },
      "properties": {
        "departure_time": "2025-01-04T09:19:05",
        "source_facility": 6,
        "dest_facility": 49,
        "source_category": "demand_point",
        "dest_category": "hospital"
      }
    },
    {
      "type": "Feature",
      "geometry": {
        "type": "LineString",
        "coordinates": [
          [
            -2.064972608543962,
            7.107989786843518
          ],
          [
            -2.0304565640192807,
            7.087898592066821
          ]
        ]
      },
      "properties": {
        "departure_time": "2025-01-04T09:01:34",
        "source_facility": 3,
        "dest_facility": 49,
        "source_category": "demand_point",
        "dest_category": "hospital"
      }
    },
    {
      "type": "Feature",
      "geometry": {
        "type": "LineString",
        "coordinates": [
          [
            -2.024593019647687,
            7.099033993836571
          ],
          [
            -2.0304565640192807,
            7.087898592066821
          ]
        ]
      },
      "properties": {
        "departure_time": "2025-01-04T09:14:17",
        "source_facility": 32,
        "dest_facility": 49,
        "source_category": "demand_point",
        "dest_category": "hospital"
      }
    },
    {
      "type": "Feature",
      "geometry": {
        "type": "LineString",
        "coordinates": [
          [
            -2.0299769545412634,
            7.079235825577825
          ],
          [
            -2.0304565640192807,
            7.087898592066821
          ]
        ]
      },
      "properties": {
        "departure_time": "2025-01-04T09:21:38",
        "source_facility": 44,
        "dest_facility": 49,
        "source_category": "demand_point",
        "dest_category": "hospital"
      }
    },
    {
      "type": "Feature",
      "geometry": {
        "type": "LineString",
        "coordinates": [
          [
            -2.066537359957824,
            7.11314797996917
          ],
          [
            -2.0304565640192807,
            7.087898592066821
          ]
        ]
      },
      "properties": {
        "departure_time": "2025-01-04T09:32:41",
        "source_facility": 2,
        "dest_facility": 49,
        "source_category": "demand_point",
        "dest_category": "hospital"
      }
    },
    {
      "type": "Feature",
      "geometry": {
        "type": "LineString",
        "coordinates": [
          [
            -1.9892887157585843,
            7.122159964450205
          ],
          [
            -2.0304565640192807,
            7.087898592066821
          ]
        ]
      },
      "properties": {
        "departure_time": "2025-01-04T09:48:53",
        "source_facility": 18,
        "dest_facility": 49,
        "source_category": "demand_point",
        "dest_category": "hospital"
      }
    },
    {
      "type": "Feature",
      "geometry": {
        "type": "LineString",
        "coordinates": [
          [
            -2.0199152193634804,
            7.043929925094176
          ],
          [
            -2.0304565640192807,
            7.087898592066821
          ]
        ]
      },
      "properties": {
        "departure_time": "2025-01-04T09:00:30",
        "source_facility": 19,
        "dest_facility": 49,
        "source_category": "demand_point",
        "dest_category": "hospital"
      }
    },
    {
      "type": "Feature",
      "geometry": {
        "type": "LineString",
        "coordinates": [
          [
            -2.0304565640192807,
            7.087898592066821
          ],
          [
            -2.067046484654728,
            7.080549888265168
          ]
        ]
      },
      "properties": {
        "departure_time": "2025-01-04T09:30:05",
        "source_facility": 49,
        "dest_facility": 26,
        "source_category": "hospital",
        "dest_category": "demand_point"
      }
    },
    {
      "type": "Feature",
      "geometry": {
        "type": "LineString",
        "coordinates": [
          [
            -2.0304565640192807,
            7.087898592066821
          ],
          [
            -2.0143547550598333,
            7.079761466260493
          ]
        ]
      },
      "properties": {
        "departure_time": "2025-01-04T09:31:06",
        "source_facility": 49,
        "dest_facility": 15,
        "source_category": "hospital",
        "dest_category": "demand_point"
      }
    },
    {
      "type": "Feature",
      "geometry": {
        "type": "LineString",
        "coordinates": [
          [
            -2.0304565640192807,
            7.087898592066821
          ],
          [
            -2.02229827306946,
            7.097632370720746
          ]
        ]
      },
      "properties": {
        "departure_time": "2025-01-04T09:10:18",
        "source_facility": 49,
        "dest_facility": 33,
        "source_category": "hospital",
        "dest_category": "demand_point"
      }
    },
    {
      "type": "Feature",
      "geometry": {
        "type": "LineString",
        "coordinates": [
          [
            -2.0304565640192807,
            7.087898592066821
          ],
          [
            -2.022916083581991,
            7.090711864549121
          ]
        ]
      },
      "properties": {
        "departure_time": "2025-01-04T09:05:30",
        "source_facility": 49,
        "dest_facility": 30,
        "source_category": "hospital",
        "dest_category": "demand_point"
      }
    },
    {
      "type": "Feature",
      "geometry": {
        "type": "LineString",
        "coordinates": [
          [
            -2.0304565640192807,
            7.087898592066821
          ],
          [
            -1.9871704646522543,
            7.075030796461661
          ]
        ]
      },
      "properties": {
        "departure_time": "2025-01-04T09:42:05",
        "source_facility": 49,
        "dest_facility": 41,
        "source_category": "hospital",
        "dest_category": "demand_point"
      }
    },
    {
      "type": "Feature",
      "geometry": {
        "type": "LineString",
        "coordinates": [
          [
            -2.0304565640192807,
            7.087898592066821
          ],
          [
            -1.9989974090853124,
            7.083002795826658
          ]
        ]
      },
      "properties": {
        "departure_time": "2025-01-04T09:31:50",
        "source_facility": 49,
        "dest_facility": 35,
        "source_category": "hospital",
        "dest_category": "demand_point"
      }
    },
    {
      "type": "Feature",
      "geometry": {
        "type": "LineString",
        "coordinates": [
          [
            -2.0304565640192807,
            7.087898592066821
          ],
          [
            -2.043392595788612,
            7.092901918032936
          ]
        ]
      },
      "properties": {
        "departure_time": "2025-01-04T09:47:20",
        "source_facility": 49,
        "dest_facility": 39,
        "source_category": "hospital",
        "dest_category": "demand_point"
      }
    },
    {
      "type": "Feature",
      "geometry": {
        "type": "LineString",
        "coordinates": [
          [
            -2.0304565640192807,
            7.087898592066821
          ],
          [
            -2.018414761800595,
            7.101224007721839
          ]
        ]
      },
      "properties": {
        "departure_time": "2025-01-04T09:29:38",
        "source_facility": 49,
        "dest_facility": 31,
        "source_category": "hospital",
        "dest_category": "demand_point"
      }
    },
    {
      "type": "Feature",
      "geometry": {
        "type": "LineString",
        "coordinates": [
          [
            -2.0304565640192807,
            7.087898592066821
          ],
          [
            -2.0268878171331743,
            7.046207806394193
          ]
        ]
      },
      "properties": {
        "departure_time": "2025-01-04T09:26:23",
        "source_facility": 49,
        "dest_facility": 22,
        "source_category": "hospital",
        "dest_category": "demand_point"
      }
    },
    {
      "type": "Feature",
      "geometry": {
        "type": "LineString",
        "coordinates": [
          [
            -2.0758140743896543,
            7.121134736144043
          ],
          [
            -2.0304565640192807,
            7.087898592066821
          ]
        ]
      },
      "properties": {
        "departure_time": "2025-01-04T10:35:43",
        "source_facility": 1,
        "dest_facility": 49,
        "source_category": "demand_point",
        "dest_category": "hospital"
      }
    },
    {
      "type": "Feature",
      "geometry": {
        "type": "LineString",
        "coordinates": [
          [
            -2.066537359957824,
            7.11314797996917
          ],
          [
            -2.0304565640192807,
            7.087898592066821
          ]
        ]
      },
      "properties": {
        "departure_time": "2025-01-04T10:51:46",
        "source_facility": 2,
        "dest_facility": 49,
        "source_category": "demand_point",
        "dest_category": "hospital"
      }
    },
    {
      "type": "Feature",
      "geometry": {
        "type": "LineString",
        "coordinates": [
          [
            -2.034036944312939,
            7.092989515239779
          ],
          [
            -2.0304565640192807,
            7.087898592066821
          ]
        ]
      },
      "properties": {
        "departure_time": "2025-01-04T10:58:55",
        "source_facility": 27,
        "dest_facility": 49,
        "source_category": "demand_point",
        "dest_category": "hospital"
      }
    },
    {
      "type": "Feature",
      "geometry": {
        "type": "LineString",
        "coordinates": [
          [
            -2.0199152193634804,
            7.043929925094176
          ],
          [
            -2.0304565640192807,
            7.087898592066821
          ]
        ]
      },
      "properties": {
        "departure_time": "2025-01-04T10:19:39",
        "source_facility": 19,
        "dest_facility": 49,
        "source_category": "demand_point",
        "dest_category": "hospital"
      }
    },
    {
      "type": "Feature",
      "geometry": {
        "type": "LineString",
        "coordinates": [
          [
            -2.043392595788612,
            7.092901918032936
          ],
          [
            -2.0304565640192807,
            7.087898592066821
          ]
        ]
      },
      "properties": {
        "departure_time": "2025-01-04T10:53:17",
        "source_facility": 39,
        "dest_facility": 49,
        "source_category": "demand_point",
        "dest_category": "hospital"
      }
    },
    {
      "type": "Feature",
      "geometry": {
        "type": "LineString",
        "coordinates": [
          [
            -2.0165612963248285,
            7.074154755837682
          ],
          [
            -2.0304565640192807,
            7.087898592066821
          ]
        ]
      },
      "properties": {
        "departure_time": "2025-01-04T10:48:48",
        "source_facility": 13,
        "dest_facility": 49,
        "source_category": "demand_point",
        "dest_category": "hospital"
      }
    },
    {
      "type": "Feature",
      "geometry": {
        "type": "LineString",
        "coordinates": [
          [
            -2.018591274241579,
            7.070650517770218
          ],
          [
            -2.0304565640192807,
            7.087898592066821
          ]
        ]
      },
      "properties": {
        "departure_time": "2025-01-04T10:56:45",
        "source_facility": 12,
        "dest_facility": 49,
        "source_category": "demand_point",
        "dest_category": "hospital"
      }
    },
    {
      "type": "Feature",
      "geometry": {
        "type": "LineString",
        "coordinates": [
          [
            -2.0230926129920617,
            7.0483104483465695
          ],
          [
            -2.0304565640192807,
            7.087898592066821
          ]
        ]
      },
      "properties": {
        "departure_time": "2025-01-04T10:42:13",
        "source_facility": 20,
        "dest_facility": 49,
        "source_category": "demand_point",
        "dest_category": "hospital"
      }
    },
    {
      "type": "Feature",
      "geometry": {
        "type": "LineString",
        "coordinates": [
          [
            -2.000409559520445,
            7.058998772809616
          ],
          [
            -2.0304565640192807,
            7.087898592066821
          ]
        ]
      },
      "properties": {
        "departure_time": "2025-01-04T10:45:24",
        "source_facility": 42,
        "dest_facility": 49,
        "source_category": "demand_point",
        "dest_category": "hospital"
      }
    },
    {
      "type": "Feature",
      "geometry": {
        "type": "LineString",
        "coordinates": [
          [
            -2.067046484654728,
            7.080549888265168
          ],
          [
            -2.0304565640192807,
            7.087898592066821
          ]
        ]
      },
      "properties": {
        "departure_time": "2025-01-04T10:37:27",
        "source_facility": 26,
        "dest_facility": 49,
        "source_category": "demand_point",
        "dest_category": "hospital"
      }
    },
    {
      "type": "Feature",
      "geometry": {
        "type": "LineString",
        "coordinates": [
          [
            -2.0138252347059673,
            7.087820973627373
          ],
          [
            -2.0304565640192807,
            7.087898592066821
          ]
        ]
      },
      "properties": {
        "departure_time": "2025-01-04T10:57:54",
        "source_facility": 34,
        "dest_facility": 49,
        "source_category": "demand_point",
        "dest_category": "hospital"
      }
    },
    {
      "type": "Feature",
      "geometry": {
        "type": "LineString",
        "coordinates": [
          [
            -2.025686298656466,
            7.085470565066515
          ],
          [
            -2.0304565640192807,
            7.087898592066821
          ]
        ]
      },
      "properties": {
        "departure_time": "2025-01-04T10:44:39",
        "source_facility": 53,
        "dest_facility": 49,
        "source_category": "demand_point",
        "dest_category": "hospital"
      }
    },
    {
      "type": "Feature",
      "geometry": {
        "type": "LineString",
        "coordinates": [
          [
            -2.0304565640192807,
            7.087898592066821
          ],
          [
            -2.0358903928196193,
            7.055406823961107
          ]
        ]
      },
      "properties": {
        "departure_time": "2025-01-04T10:45:14",
        "source_facility": 49,
        "dest_facility": 8,
        "source_category": "hospital",
        "dest_category": "demand_point"
      }
    },
    {
      "type": "Feature",
      "geometry": {
        "type": "LineString",
        "coordinates": [
          [
            -2.0304565640192807,
            7.087898592066821
          ],
          [
            -2.02062130306559,
            7.099296798748014
          ]
        ]
      },
      "properties": {
        "departure_time": "2025-01-04T10:22:11",
        "source_facility": 49,
        "dest_facility": 48,
        "source_category": "hospital",
        "dest_category": "demand_point"
      }
    },
    {
      "type": "Feature",
      "geometry": {
        "type": "LineString",
        "coordinates": [
          [
            -2.0304565640192807,
            7.087898592066821
          ],
          [
            -2.025387393508462,
            7.092639109470014
          ]
        ]
      },
      "properties": {
        "departure_time": "2025-01-04T10:33:47",
        "source_facility": 49,
        "dest_facility": 29,
        "source_category": "hospital",
        "dest_category": "demand_point"
      }
    },
    {
      "type": "Feature",
      "geometry": {
        "type": "LineString",
        "coordinates": [
          [
            -2.0304565640192807,
            7.087898592066821
          ],
          [
            -2.0048226081122626,
            7.1016619940897385
          ]
        ]
      },
      "properties": {
        "departure_time": "2025-01-04T10:04:19",
        "source_facility": 49,
        "dest_facility": 36,
        "source_category": "hospital",
        "dest_category": "demand_point"
      }
    },
    {
      "type": "Feature",
      "geometry": {
        "type": "LineString",
        "coordinates": [
          [
            -2.0304565640192807,
            7.087898592066821
          ],
          [
            -2.029270853870067,
            7.065043713575818
          ]
        ]
      },
      "properties": {
        "departure_time": "2025-01-04T10:35:59",
        "source_facility": 49,
        "dest_facility": 10,
        "source_category": "hospital",
        "dest_category": "demand_point"
      }
    },
    {
      "type": "Feature",
      "geometry": {
        "type": "LineString",
        "coordinates": [
          [
            -2.0304565640192807,
            7.087898592066821
          ],
          [
            -1.9871704646522543,
            7.075030796461661
          ]
        ]
      },
      "properties": {
        "departure_time": "2025-01-04T10:32:28",
        "source_facility": 49,
        "dest_facility": 41,
        "source_category": "hospital",
        "dest_category": "demand_point"
      }
    },
    {
      "type": "Feature",
      "geometry": {
        "type": "LineString",
        "coordinates": [
          [
            -2.0304565640192807,
            7.087898592066821
          ],
          [
            -2.0102065430058387,
            7.079936657231173
          ]
        ]
      },
      "properties": {
        "departure_time": "2025-01-04T10:27:55",
        "source_facility": 49,
        "dest_facility": 47,
        "source_category": "hospital",
        "dest_category": "demand_point"
      }
    },
    {
      "type": "Feature",
      "geometry": {
        "type": "LineString",
        "coordinates": [
          [
            -2.0304565640192807,
            7.087898592066821
          ],
          [
            -2.0048226081122626,
            7.1016619940897385
          ]
        ]
      },
      "properties": {
        "departure_time": "2025-01-04T10:50:09",
        "source_facility": 49,
        "dest_facility": 36,
        "source_category": "hospital",
        "dest_category": "demand_point"
      }
    },
    {
      "type": "Feature",
      "geometry": {
        "type": "LineString",
        "coordinates": [
          [
            -2.0304565640192807,
            7.087898592066821
          ],
          [
            -2.067046484654728,
            7.080549888265168
          ]
        ]
      },
      "properties": {
        "departure_time": "2025-01-04T10:34:50",
        "source_facility": 49,
        "dest_facility": 26,
        "source_category": "hospital",
        "dest_category": "demand_point"
      }
    },
    {
      "type": "Feature",
      "geometry": {
        "type": "LineString",
        "coordinates": [
          [
            -2.0304565640192807,
            7.087898592066821
          ],
          [
            -2.0231808692125535,
            7.107268378115208
          ]
        ]
      },
      "properties": {
        "departure_time": "2025-01-04T10:18:14",
        "source_facility": 49,
        "dest_facility": 38,
        "source_category": "hospital",
        "dest_category": "demand_point"
      }
    },
    {
      "type": "Feature",
      "geometry": {
        "type": "LineString",
        "coordinates": [
          [
            -2.0304565640192807,
            7.087898592066821
          ],
          [
            -2.0041165244101524,
            7.115064624825351
          ]
        ]
      },
      "properties": {
        "departure_time": "2025-01-04T10:28:47",
        "source_facility": 49,
        "dest_facility": 43,
        "source_category": "hospital",
        "dest_category": "demand_point"
      }
    },
    {
      "type": "Feature",
      "geometry": {
        "type": "LineString",
        "coordinates": [
          [
            -2.0304565640192807,
            7.087898592066821
          ],
          [
            -2.0102065430058387,
            7.079936657231173
          ]
        ]
      },
      "properties": {
        "departure_time": "2025-01-04T10:20:48",
        "source_facility": 49,
        "dest_facility": 47,
        "source_category": "hospital",
        "dest_category": "demand_point"
      }
    },
    {
      "type": "Feature",
      "geometry": {
        "type": "LineString",
        "coordinates": [
          [
            -2.029270853870067,
            7.065043713575818
          ],
          [
            -2.0304565640192807,
            7.087898592066821
          ]
        ]
      },
      "properties": {
        "departure_time": "2025-01-04T11:14:16",
        "source_facility": 10,
        "dest_facility": 49,
        "source_category": "demand_point",
        "dest_category": "hospital"
      }
    },
    {
      "type": "Feature",
      "geometry": {
        "type": "LineString",
        "coordinates": [
          [
            -2.0199152193634804,
            7.043929925094176
          ],
          [
            -2.0304565640192807,
            7.087898592066821
          ]
        ]
      },
      "properties": {
        "departure_time": "2025-01-04T11:20:18",
        "source_facility": 19,
        "dest_facility": 49,
        "source_category": "demand_point",
        "dest_category": "hospital"
      }
    },
    {
      "type": "Feature",
      "geometry": {
        "type": "LineString",
        "coordinates": [
          [
            -2.000409559520445,
            7.058998772809616
          ],
          [
            -2.0304565640192807,
            7.087898592066821
          ]
        ]
      },
      "properties": {
        "departure_time": "2025-01-04T11:21:34",
        "source_facility": 42,
        "dest_facility": 49,
        "source_category": "demand_point",
        "dest_category": "hospital"
      }
    },
    {
      "type": "Feature",
      "geometry": {
        "type": "LineString",
        "coordinates": [
          [
            -2.04983562229718,
            7.098420795827764
          ],
          [
            -2.0304565640192807,
            7.087898592066821
          ]
        ]
      },
      "properties": {
        "departure_time": "2025-01-04T11:18:40",
        "source_facility": 40,
        "dest_facility": 49,
        "source_category": "demand_point",
        "dest_category": "hospital"
      }
    },
    {
      "type": "Feature",
      "geometry": {
        "type": "LineString",
        "coordinates": [
          [
            -2.0358903928196193,
            7.055406823961107
          ],
          [
            -2.0304565640192807,
            7.087898592066821
          ]
        ]
      },
      "properties": {
        "departure_time": "2025-01-04T11:34:28",
        "source_facility": 8,
        "dest_facility": 49,
        "source_category": "demand_point",
        "dest_category": "hospital"
      }
    },
    {
      "type": "Feature",
      "geometry": {
        "type": "LineString",
        "coordinates": [
          [
            -2.024593019647687,
            7.099033993836571
          ],
          [
            -2.0304565640192807,
            7.087898592066821
          ]
        ]
      },
      "properties": {
        "departure_time": "2025-01-04T11:56:02",
        "source_facility": 32,
        "dest_facility": 49,
        "source_category": "demand_point",
        "dest_category": "hospital"
      }
    },
    {
      "type": "Feature",
      "geometry": {
        "type": "LineString",
        "coordinates": [
          [
            -2.0048226081122626,
            7.1016619940897385
          ],
          [
            -2.0304565640192807,
            7.087898592066821
          ]
        ]
      },
      "properties": {
        "departure_time": "2025-01-04T11:21:11",
        "source_facility": 36,
        "dest_facility": 49,
        "source_category": "demand_point",
        "dest_category": "hospital"
      }
    },
    {
      "type": "Feature",
      "geometry": {
        "type": "LineString",
        "coordinates": [
          [
            -2.0299769545412634,
            7.092639109470014
          ],
          [
            -2.0304565640192807,
            7.087898592066821
          ]
        ]
      },
      "properties": {
        "departure_time": "2025-01-04T11:15:38",
        "source_facility": 28,
        "dest_facility": 49,
        "source_category": "demand_point",
        "dest_category": "hospital"
      }
    },
    {
      "type": "Feature",
      "geometry": {
        "type": "LineString",
        "coordinates": [
          [
            -2.029270853870067,
            7.065043713575818
          ],
          [
            -2.0304565640192807,
            7.087898592066821
          ]
        ]
      },
      "properties": {
        "departure_time": "2025-01-04T11:28:29",
        "source_facility": 10,
        "dest_facility": 49,
        "source_category": "demand_point",
        "dest_category": "hospital"
      }
    },
    {
      "type": "Feature",
      "geometry": {
        "type": "LineString",
        "coordinates": [
          [
            -2.028564787137044,
            7.081776347887384
          ],
          [
            -2.0304565640192807,
            7.087898592066821
          ]
        ]
      },
      "properties": {
        "departure_time": "2025-01-04T11:04:59",
        "source_facility": 45,
        "dest_facility": 49,
        "source_category": "demand_point",
        "dest_category": "hospital"
      }
    },
    {
      "type": "Feature",
      "geometry": {
        "type": "LineString",
        "coordinates": [
          [
            -2.0252108640983915,
            7.0645180561415515
          ],
          [
            -2.0304565640192807,
            7.087898592066821
          ]
        ]
      },
      "properties": {
        "departure_time": "2025-01-04T11:49:11",
        "source_facility": 11,
        "dest_facility": 49,
        "source_category": "demand_point",
        "dest_category": "hospital"
      }
    },
    {
      "type": "Feature",
      "geometry": {
        "type": "LineString",
        "coordinates": [
          [
            -2.025686298656466,
            7.085470565066515
          ],
          [
            -2.0304565640192807,
            7.087898592066821
          ]
        ]
      },
      "properties": {
        "departure_time": "2025-01-04T11:34:49",
        "source_facility": 53,
        "dest_facility": 49,
        "source_category": "demand_point",
        "dest_category": "hospital"
      }
    },
    {
      "type": "Feature",
      "geometry": {
        "type": "LineString",
        "coordinates": [
          [
            -2.0304565640192807,
            7.087898592066821
          ],
          [
            -2.0153256413615925,
            7.113225067248564
          ]
        ]
      },
      "properties": {
        "departure_time": "2025-01-04T11:25:47",
        "source_facility": 49,
        "dest_facility": 37,
        "source_category": "hospital",
        "dest_category": "demand_point"
      }
    },
    {
      "type": "Feature",
      "geometry": {
        "type": "LineString",
        "coordinates": [
          [
            -2.0304565640192807,
            7.087898592066821
          ],
          [
            -2.0551312500630043,
            7.053041383118824
          ]
        ]
      },
      "properties": {
        "departure_time": "2025-01-04T11:59:59",
        "source_facility": 49,
        "dest_facility": 4,
        "source_category": "hospital",
        "dest_category": "demand_point"
      }
    },
    {
      "type": "Feature",
      "geometry": {
        "type": "LineString",
        "coordinates": [
          [
            -2.0304565640192807,
            7.087898592066821
          ],
          [
            -2.0244009625332526,
            7.089519661584831
          ]
        ]
      },
      "properties": {
        "departure_time": "2025-01-04T11:21:33",
        "source_facility": 49,
        "dest_facility": 52,
        "source_category": "hospital",
        "dest_category": "demand_point"
      }
    },
    {
      "type": "Feature",
      "geometry": {
        "type": "LineString",
        "coordinates": [
          [
            -2.0304565640192807,
            7.087898592066821
          ],
          [
            -2.067046484654728,
            7.080549888265168
          ]
        ]
      },
      "properties": {
        "departure_time": "2025-01-04T11:34:29",
        "source_facility": 49,
        "dest_facility": 26,
        "source_category": "hospital",
        "dest_category": "demand_point"
      }
    },
    {
      "type": "Feature",
      "geometry": {
        "type": "LineString",
        "coordinates": [
          [
            -2.0304565640192807,
            7.087898592066821
          ],
          [
            -2.018591274241579,
            7.070650517770218
          ]
        ]
      },
      "properties": {
        "departure_time": "2025-01-04T11:03:55",
        "source_facility": 49,
        "dest_facility": 12,
        "source_category": "hospital",
        "dest_category": "demand_point"
      }
    },
    {
      "type": "Feature",
      "geometry": {
        "type": "LineString",
        "coordinates": [
          [
            -2.0304565640192807,
            7.087898592066821
          ],
          [
            -2.0143547550598333,
            7.079761466260493
          ]
        ]
      },
      "properties": {
        "departure_time": "2025-01-04T11:19:14",
        "source_facility": 49,
        "dest_facility": 15,
        "source_category": "hospital",
        "dest_category": "demand_point"
      }
    },
    {
      "type": "Feature",
      "geometry": {
        "type": "LineString",
        "coordinates": [
          [
            -2.0304565640192807,
            7.087898592066821
          ],
          [
            -2.0380969340846145,
            7.058297917817541
          ]
        ]
      },
      "properties": {
        "departure_time": "2025-01-04T11:41:14",
        "source_facility": 49,
        "dest_facility": 7,
        "source_category": "hospital",
        "dest_category": "demand_point"
      }
    },
    {
      "type": "Feature",
      "geometry": {
        "type": "LineString",
        "coordinates": [
          [
            -2.0304565640192807,
            7.087898592066821
          ],
          [
            -1.9892887157585843,
            7.122159964450205
          ]
        ]
      },
      "properties": {
        "departure_time": "2025-01-04T11:04:18",
        "source_facility": 49,
        "dest_facility": 18,
        "source_category": "hospital",
        "dest_category": "demand_point"
      }
    },
    {
      "type": "Feature",
      "geometry": {
        "type": "LineString",
        "coordinates": [
          [
            -2.0304565640192807,
            7.087898592066821
          ],
          [
            -2.0048226081122626,
            7.1016619940897385
          ]
        ]
      },
      "properties": {
        "departure_time": "2025-01-04T11:52:52",
        "source_facility": 49,
        "dest_facility": 36,
        "source_category": "hospital",
        "dest_category": "demand_point"
      }
    },
    {
      "type": "Feature",
      "geometry": {
        "type": "LineString",
        "coordinates": [
          [
            -2.0304565640192807,
            7.087898592066821
          ],
          [
            -2.029270853870067,
            7.065043713575818
          ]
        ]
      },
      "properties": {
        "departure_time": "2025-01-04T11:24:27",
        "source_facility": 49,
        "dest_facility": 10,
        "source_category": "hospital",
        "dest_category": "demand_point"
      }
    },
    {
      "type": "Feature",
      "geometry": {
        "type": "LineString",
        "coordinates": [
          [
            -2.0304565640192807,
            7.087898592066821
          ],
          [
            -2.0048226081122626,
            7.1016619940897385
          ]
        ]
      },
      "properties": {
        "departure_time": "2025-01-04T11:45:28",
        "source_facility": 49,
        "dest_facility": 36,
        "source_category": "hospital",
        "dest_category": "demand_point"
      }
    },
    {
      "type": "Feature",
      "geometry": {
        "type": "LineString",
        "coordinates": [
          [
            -2.0304565640192807,
            7.087898592066821
          ],
          [
            -2.018591274241579,
            7.070650517770218
          ]
        ]
      },
      "properties": {
        "departure_time": "2025-01-04T11:19:03",
        "source_facility": 49,
        "dest_facility": 12,
        "source_category": "hospital",
        "dest_category": "demand_point"
      }
    },
    {
      "type": "Feature",
      "geometry": {
        "type": "LineString",
        "coordinates": [
          [
            -2.025387393508462,
            7.092639109470014
          ],
          [
            -2.0304565640192807,
            7.087898592066821
          ]
        ]
      },
      "properties": {
        "departure_time": "2025-01-04T12:51:34",
        "source_facility": 29,
        "dest_facility": 49,
        "source_category": "demand_point",
        "dest_category": "hospital"
      }
    },
    {
      "type": "Feature",
      "geometry": {
        "type": "LineString",
        "coordinates": [
          [
            -2.067046484654728,
            7.080549888265168
          ],
          [
            -2.0304565640192807,
            7.087898592066821
          ]
        ]
      },
      "properties": {
        "departure_time": "2025-01-04T12:56:58",
        "source_facility": 26,
        "dest_facility": 49,
        "source_category": "demand_point",
        "dest_category": "hospital"
      }
    },
    {
      "type": "Feature",
      "geometry": {
        "type": "LineString",
        "coordinates": [
          [
            -2.062280394211856,
            7.077571350345309
          ],
          [
            -2.0304565640192807,
            7.087898592066821
          ]
        ]
      },
      "properties": {
        "departure_time": "2025-01-04T12:44:26",
        "source_facility": 25,
        "dest_facility": 49,
        "source_category": "demand_point",
        "dest_category": "hospital"
      }
    },
    {
      "type": "Feature",
      "geometry": {
        "type": "LineString",
        "coordinates": [
          [
            -1.9871704646522543,
            7.075030796461661
          ],
          [
            -2.0304565640192807,
            7.087898592066821
          ]
        ]
      },
      "properties": {
        "departure_time": "2025-01-04T12:20:19",
        "source_facility": 41,
        "dest_facility": 49,
        "source_category": "demand_point",
        "dest_category": "hospital"
      }
    },
    {
      "type": "Feature",
      "geometry": {
        "type": "LineString",
        "coordinates": [
          [
            -2.0252108640983915,
            7.0645180561415515
          ],
          [
            -2.0304565640192807,
            7.087898592066821
          ]
        ]
      },
      "properties": {
        "departure_time": "2025-01-04T12:03:08",
        "source_facility": 11,
        "dest_facility": 49,
        "source_category": "demand_point",
        "dest_category": "hospital"
      }
    },
    {
      "type": "Feature",
      "geometry": {
        "type": "LineString",
        "coordinates": [
          [
            -2.0165612963248285,
            7.074154755837682
          ],
          [
            -2.0304565640192807,
            7.087898592066821
          ]
        ]
      },
      "properties": {
        "departure_time": "2025-01-04T12:26:01",
        "source_facility": 13,
        "dest_facility": 49,
        "source_category": "demand_point",
        "dest_category": "hospital"
      }
    },
    {
      "type": "Feature",
      "geometry": {
        "type": "LineString",
        "coordinates": [
          [
            -2.018414761800595,
            7.101224007721839
          ],
          [
            -2.0304565640192807,
            7.087898592066821
          ]
        ]
      },
      "properties": {
        "departure_time": "2025-01-04T12:54:44",
        "source_facility": 31,
        "dest_facility": 49,
        "source_category": "demand_point",
        "dest_category": "hospital"
      }
    },
    {
      "type": "Feature",
      "geometry": {
        "type": "LineString",
        "coordinates": [
          [
            -1.9838165416136024,
            7.1010487995842055
          ],
          [
            -2.0304565640192807,
            7.087898592066821
          ]
        ]
      },
      "properties": {
        "departure_time": "2025-01-04T12:48:36",
        "source_facility": 16,
        "dest_facility": 49,
        "source_category": "demand_point",
        "dest_category": "hospital"
      }
    },
    {
      "type": "Feature",
      "geometry": {
        "type": "LineString",
        "coordinates": [
          [
            -2.04983562229718,
            7.098420795827764
          ],
          [
            -2.0304565640192807,
            7.087898592066821
          ]
        ]
      },
      "properties": {
        "departure_time": "2025-01-04T12:34:56",
        "source_facility": 40,
        "dest_facility": 49,
        "source_category": "demand_point",
        "dest_category": "hospital"
      }
    },
    {
      "type": "Feature",
      "geometry": {
        "type": "LineString",
        "coordinates": [
          [
            -2.0304565640192807,
            7.087898592066821
          ],
          [
            -2.027152602763737,
            7.071789402479993
          ]
        ]
      },
      "properties": {
        "departure_time": "2025-01-04T12:08:05",
        "source_facility": 49,
        "dest_facility": 14,
        "source_category": "hospital",
        "dest_category": "demand_point"
      }
    },
    {
      "type": "Feature",
      "geometry": {
        "type": "LineString",
        "coordinates": [
          [
            -2.0304565640192807,
            7.087898592066821
          ],
          [
            -2.0153256413615925,
            7.113225067248564
          ]
        ]
      },
      "properties": {
        "departure_time": "2025-01-04T12:46:18",
        "source_facility": 49,
        "dest_facility": 37,
        "source_category": "hospital",
        "dest_category": "demand_point"
      }
    },
    {
      "type": "Feature",
      "geometry": {
        "type": "LineString",
        "coordinates": [
          [
            -2.0304565640192807,
            7.087898592066821
          ],
          [
            -1.9871704646522543,
            7.075030796461661
          ]
        ]
      },
      "properties": {
        "departure_time": "2025-01-04T12:53:58",
        "source_facility": 49,
        "dest_facility": 41,
        "source_category": "hospital",
        "dest_category": "demand_point"
      }
    },
    {
      "type": "Feature",
      "geometry": {
        "type": "LineString",
        "coordinates": [
          [
            -2.0304565640192807,
            7.087898592066821
          ],
          [
            -2.025686298656466,
            7.085470565066515
          ]
        ]
      },
      "properties": {
        "departure_time": "2025-01-04T12:41:06",
        "source_facility": 49,
        "dest_facility": 53,
        "source_category": "hospital",
        "dest_category": "demand_point"
      }
    },
    {
      "type": "Feature",
      "geometry": {
        "type": "LineString",
        "coordinates": [
          [
            -2.0304565640192807,
            7.087898592066821
          ],
          [
            -2.0102065430058387,
            7.079936657231173
          ]
        ]
      },
      "properties": {
        "departure_time": "2025-01-04T12:03:05",
        "source_facility": 49,
        "dest_facility": 47,
        "source_category": "hospital",
        "dest_category": "demand_point"
      }
    },
    {
      "type": "Feature",
      "geometry": {
        "type": "LineString",
        "coordinates": [
          [
            -2.0304565640192807,
            7.087898592066821
          ],
          [
            -1.9989974090853124,
            7.083002795826658
          ]
        ]
      },
      "properties": {
        "departure_time": "2025-01-04T12:00:53",
        "source_facility": 49,
        "dest_facility": 35,
        "source_category": "hospital",
        "dest_category": "demand_point"
      }
    },
    {
      "type": "Feature",
      "geometry": {
        "type": "LineString",
        "coordinates": [
          [
            -2.0304565640192807,
            7.087898592066821
          ],
          [
            -2.0380969340846145,
            7.058297917817541
          ]
        ]
      },
      "properties": {
        "departure_time": "2025-01-04T12:35:08",
        "source_facility": 49,
        "dest_facility": 7,
        "source_category": "hospital",
        "dest_category": "demand_point"
      }
    },
    {
      "type": "Feature",
      "geometry": {
        "type": "LineString",
        "coordinates": [
          [
            -2.0304565640192807,
            7.087898592066821
          ],
          [
            -2.0041165244101524,
            7.115064624825351
          ]
        ]
      },
      "properties": {
        "departure_time": "2025-01-04T12:00:01",
        "source_facility": 49,
        "dest_facility": 43,
        "source_category": "hospital",
        "dest_category": "demand_point"
      }
    },
    {
      "type": "Feature",
      "geometry": {
        "type": "LineString",
        "coordinates": [
          [
            -2.0304565640192807,
            7.087898592066821
          ],
          [
            -2.0048226081122626,
            7.1016619940897385
          ]
        ]
      },
      "properties": {
        "departure_time": "2025-01-04T12:34:35",
        "source_facility": 49,
        "dest_facility": 36,
        "source_category": "hospital",
        "dest_category": "demand_point"
      }
    },
    {
      "type": "Feature",
      "geometry": {
        "type": "LineString",
        "coordinates": [
          [
            -2.02062130306559,
            7.099296798748014
          ],
          [
            -2.0304565640192807,
            7.087898592066821
          ]
        ]
      },
      "properties": {
        "departure_time": "2025-01-04T13:26:16",
        "source_facility": 48,
        "dest_facility": 49,
        "source_category": "demand_point",
        "dest_category": "hospital"
      }
    },
    {
      "type": "Feature",
      "geometry": {
        "type": "LineString",
        "coordinates": [
          [
            -2.0243450816239754,
            7.0873009873500195
          ],
          [
            -2.0304565640192807,
            7.087898592066821
          ]
        ]
      },
      "properties": {
        "departure_time": "2025-01-04T13:07:30",
        "source_facility": 51,
        "dest_facility": 49,
        "source_category": "demand_point",
        "dest_category": "hospital"
      }
    },
    {
      "type": "Feature",
      "geometry": {
        "type": "LineString",
        "coordinates": [
          [
            -2.0165612963248285,
            7.074154755837682
          ],
          [
            -2.0304565640192807,
            7.087898592066821
          ]
        ]
      },
      "properties": {
        "departure_time": "2025-01-04T13:20:44",
        "source_facility": 13,
        "dest_facility": 49,
        "source_category": "demand_point",
        "dest_category": "hospital"
      }
    },
    {
      "type": "Feature",
      "geometry": {
        "type": "LineString",
        "coordinates": [
          [
            -2.0165612963248285,
            7.074154755837682
          ],
          [
            -2.0304565640192807,
            7.087898592066821
          ]
        ]
      },
      "properties": {
        "departure_time": "2025-01-04T13:45:52",
        "source_facility": 13,
        "dest_facility": 49,
        "source_category": "demand_point",
        "dest_category": "hospital"
      }
    },
    {
      "type": "Feature",
      "geometry": {
        "type": "LineString",
        "coordinates": [
          [
            -2.0308595337152706,
            7.086331726345293
          ],
          [
            -2.0304565640192807,
            7.087898592066821
          ]
        ]
      },
      "properties": {
        "departure_time": "2025-01-04T13:44:06",
        "source_facility": 23,
        "dest_facility": 49,
        "source_category": "demand_point",
        "dest_category": "hospital"
      }
    },
    {
      "type": "Feature",
      "geometry": {
        "type": "LineString",
        "coordinates": [
          [
            -2.029270853870067,
            7.065043713575818
          ],
          [
            -2.0304565640192807,
            7.087898592066821
          ]
        ]
      },
      "properties": {
        "departure_time": "2025-01-04T13:12:47",
        "source_facility": 10,
        "dest_facility": 49,
        "source_category": "demand_point",
        "dest_category": "hospital"
      }
    },
    {
      "type": "Feature",
      "geometry": {
        "type": "LineString",
        "coordinates": [
          [
            -2.02229827306946,
            7.097632370720746
          ],
          [
            -2.0304565640192807,
            7.087898592066821
          ]
        ]
      },
      "properties": {
        "departure_time": "2025-01-04T13:14:02",
        "source_facility": 33,
        "dest_facility": 49,
        "source_category": "demand_point",
        "dest_category": "hospital"
      }
    },
    {
      "type": "Feature",
      "geometry": {
        "type": "LineString",
        "coordinates": [
          [
            -2.022916083581991,
            7.090711864549121
          ],
          [
            -2.0304565640192807,
            7.087898592066821
          ]
        ]
      },
      "properties": {
        "departure_time": "2025-01-04T13:10:23",
        "source_facility": 30,
        "dest_facility": 49,
        "source_category": "demand_point",
        "dest_category": "hospital"
      }
    },
    {
      "type": "Feature",
      "geometry": {
        "type": "LineString",
        "coordinates": [
          [
            -2.043392595788612,
            7.092901918032936
          ],
          [
            -2.0304565640192807,
            7.087898592066821
          ]
        ]
      },
      "properties": {
        "departure_time": "2025-01-04T13:03:20",
        "source_facility": 39,
        "dest_facility": 49,
        "source_category": "demand_point",
        "dest_category": "hospital"
      }
    },
    {
      "type": "Feature",
      "geometry": {
        "type": "LineString",
        "coordinates": [
          [
            -2.0304565640192807,
            7.087898592066821
          ],
          [
            -2.067046484654728,
            7.080549888265168
          ]
        ]
      },
      "properties": {
        "departure_time": "2025-01-04T13:39:30",
        "source_facility": 49,
        "dest_facility": 26,
        "source_category": "hospital",
        "dest_category": "demand_point"
      }
    },
    {
      "type": "Feature",
      "geometry": {
        "type": "LineString",
        "coordinates": [
          [
            -2.0304565640192807,
            7.087898592066821
          ],
          [
            -2.027152602763737,
            7.071789402479993
          ]
        ]
      },
      "properties": {
        "departure_time": "2025-01-04T13:48:47",
        "source_facility": 49,
        "dest_facility": 14,
        "source_category": "hospital",
        "dest_category": "demand_point"
      }
    },
    {
      "type": "Feature",
      "geometry": {
        "type": "LineString",
        "coordinates": [
          [
            -2.0304565640192807,
            7.087898592066821
          ],
          [
            -2.0299769545412634,
            7.079235825577825
          ]
        ]
      },
      "properties": {
        "departure_time": "2025-01-04T13:58:47",
        "source_facility": 49,
        "dest_facility": 44,
        "source_category": "hospital",
        "dest_category": "demand_point"
      }
    },
    {
      "type": "Feature",
      "geometry": {
        "type": "LineString",
        "coordinates": [
          [
            -2.0304565640192807,
            7.087898592066821
          ],
          [
            -2.022916083581991,
            7.090711864549121
          ]
        ]
      },
      "properties": {
        "departure_time": "2025-01-04T13:38:49",
        "source_facility": 49,
        "dest_facility": 30,
        "source_category": "hospital",
        "dest_category": "demand_point"
      }
    },
    {
      "type": "Feature",
      "geometry": {
        "type": "LineString",
        "coordinates": [
          [
            -2.0304565640192807,
            7.087898592066821
          ],
          [
            -2.0230926129920617,
            7.0483104483465695
          ]
        ]
      },
      "properties": {
        "departure_time": "2025-01-04T13:30:37",
        "source_facility": 49,
        "dest_facility": 20,
        "source_category": "hospital",
        "dest_category": "demand_point"
      }
    },
    {
      "type": "Feature",
      "geometry": {
        "type": "LineString",
        "coordinates": [
          [
            -2.0304565640192807,
            7.087898592066821
          ],
          [
            -2.018591274241579,
            7.070650517770218
          ]
        ]
      },
      "properties": {
        "departure_time": "2025-01-04T13:26:53",
        "source_facility": 49,
        "dest_facility": 12,
        "source_category": "hospital",
        "dest_category": "demand_point"
      }
    },
    {
      "type": "Feature",
      "geometry": {
        "type": "LineString",
        "coordinates": [
          [
            -2.0304565640192807,
            7.087898592066821
          ],
          [
            -2.0252108640983915,
            7.0645180561415515
          ]
        ]
      },
      "properties": {
        "departure_time": "2025-01-04T13:13:34",
        "source_facility": 49,
        "dest_facility": 11,
        "source_category": "hospital",
        "dest_category": "demand_point"
      }
    },
    {
      "type": "Feature",
      "geometry": {
        "type": "LineString",
        "coordinates": [
          [
            -2.0304565640192807,
            7.087898592066821
          ],
          [
            -2.024593019647687,
            7.099033993836571
          ]
        ]
      },
      "properties": {
        "departure_time": "2025-01-04T13:55:34",
        "source_facility": 49,
        "dest_facility": 32,
        "source_category": "hospital",
        "dest_category": "demand_point"
      }
    },
    {
      "type": "Feature",
      "geometry": {
        "type": "LineString",
        "coordinates": [
          [
            -2.0304565640192807,
            7.087898592066821
          ],
          [
            -2.0252108640983915,
            7.0645180561415515
          ]
        ]
      },
      "properties": {
        "departure_time": "2025-01-04T13:51:21",
        "source_facility": 49,
        "dest_facility": 11,
        "source_category": "hospital",
        "dest_category": "demand_point"
      }
    },
    {
      "type": "Feature",
      "geometry": {
        "type": "LineString",
        "coordinates": [
          [
            -2.018591274241579,
            7.070650517770218
          ],
          [
            -2.0304565640192807,
            7.087898592066821
          ]
        ]
      },
      "properties": {
        "departure_time": "2025-01-04T14:04:56",
        "source_facility": 12,
        "dest_facility": 49,
        "source_category": "demand_point",
        "dest_category": "hospital"
      }
    },
    {
      "type": "Feature",
      "geometry": {
        "type": "LineString",
        "coordinates": [
          [
            -2.067046484654728,
            7.080549888265168
          ],
          [
            -2.0304565640192807,
            7.087898592066821
          ]
        ]
      },
      "properties": {
        "departure_time": "2025-01-04T14:00:29",
        "source_facility": 26,
        "dest_facility": 49,
        "source_category": "demand_point",
        "dest_category": "hospital"
      }
    },
    {
      "type": "Feature",
      "geometry": {
        "type": "LineString",
        "coordinates": [
          [
            -1.9892887157585843,
            7.122159964450205
          ],
          [
            -2.0304565640192807,
            7.087898592066821
          ]
        ]
      },
      "properties": {
        "departure_time": "2025-01-04T14:04:12",
        "source_facility": 18,
        "dest_facility": 49,
        "source_category": "demand_point",
        "dest_category": "hospital"
      }
    },
    {
      "type": "Feature",
      "geometry": {
        "type": "LineString",
        "coordinates": [
          [
            -2.0165612963248285,
            7.074154755837682
          ],
          [
            -2.0304565640192807,
            7.087898592066821
          ]
        ]
      },
      "properties": {
        "departure_time": "2025-01-04T14:04:38",
        "source_facility": 13,
        "dest_facility": 49,
        "source_category": "demand_point",
        "dest_category": "hospital"
      }
    },
    {
      "type": "Feature",
      "geometry": {
        "type": "LineString",
        "coordinates": [
          [
            -2.025686298656466,
            7.085470565066515
          ],
          [
            -2.0304565640192807,
            7.087898592066821
          ]
        ]
      },
      "properties": {
        "departure_time": "2025-01-04T14:18:13",
        "source_facility": 53,
        "dest_facility": 49,
        "source_category": "demand_point",
        "dest_category": "hospital"
      }
    },
    {
      "type": "Feature",
      "geometry": {
        "type": "LineString",
        "coordinates": [
          [
            -2.028564787137044,
            7.081776347887384
          ],
          [
            -2.0304565640192807,
            7.087898592066821
          ]
        ]
      },
      "properties": {
        "departure_time": "2025-01-04T14:39:09",
        "source_facility": 45,
        "dest_facility": 49,
        "source_category": "demand_point",
        "dest_category": "hospital"
      }
    },
    {
      "type": "Feature",
      "geometry": {
        "type": "LineString",
        "coordinates": [
          [
            -2.0395973407402397,
            7.051026350958836
          ],
          [
            -2.0304565640192807,
            7.087898592066821
          ]
        ]
      },
      "properties": {
        "departure_time": "2025-01-04T14:28:25",
        "source_facility": 5,
        "dest_facility": 49,
        "source_category": "demand_point",
        "dest_category": "hospital"
      }
    },
    {
      "type": "Feature",
      "geometry": {
        "type": "LineString",
        "coordinates": [
          [
            -2.0048226081122626,
            7.1016619940897385
          ],
          [
            -2.0304565640192807,
            7.087898592066821
          ]
        ]
      },
      "properties": {
        "departure_time": "2025-01-04T14:29:48",
        "source_facility": 36,
        "dest_facility": 49,
        "source_category": "demand_point",
        "dest_category": "hospital"
      }
    },
    {
      "type": "Feature",
      "geometry": {
        "type": "LineString",
        "coordinates": [
          [
            -2.0189443330617207,
            7.08265238246257
          ],
          [
            -2.0304565640192807,
            7.087898592066821
          ]
        ]
      },
      "properties": {
        "departure_time": "2025-01-04T14:58:28",
        "source_facility": 46,
        "dest_facility": 49,
        "source_category": "demand_point",
        "dest_category": "hospital"
      }
    },
    {
      "type": "Feature",
      "geometry": {
        "type": "LineString",
        "coordinates": [
          [
            -2.0304565640192807,
            7.087898592066821
          ],
          [
            -2.064972608543962,
            7.107989786843518
          ]
        ]
      },
      "properties": {
        "departure_time": "2025-01-04T14:10:51",
        "source_facility": 49,
        "dest_facility": 3,
        "source_category": "hospital",
        "dest_category": "demand_point"
      }
    },
    {
      "type": "Feature",
      "geometry": {
        "type": "LineString",
        "coordinates": [
          [
            -2.0304565640192807,
            7.087898592066821
          ],
          [
            -2.0349195574251193,
            7.086857350517818
          ]
        ]
      },
      "properties": {
        "departure_time": "2025-01-04T14:38:45",
        "source_facility": 49,
        "dest_facility": 24,
        "source_category": "hospital",
        "dest_category": "demand_point"
      }
    },
    {
      "type": "Feature",
      "geometry": {
        "type": "LineString",
        "coordinates": [
          [
            -2.0304565640192807,
            7.087898592066821
          ],
          [
            -1.9838165416136024,
            7.1010487995842055
          ]
        ]
      },
      "properties": {
        "departure_time": "2025-01-04T14:26:51",
        "source_facility": 49,
        "dest_facility": 16,
        "source_category": "hospital",
        "dest_category": "demand_point"
      }
    },
    {
      "type": "Feature",
      "geometry": {
        "type": "LineString",
        "coordinates": [
          [
            -2.0304565640192807,
            7.087898592066821
          ],
          [
            -2.0102065430058387,
            7.079936657231173
          ]
        ]
      },
      "properties": {
        "departure_time": "2025-01-04T14:44:02",
        "source_facility": 49,
        "dest_facility": 47,
        "source_category": "hospital",
        "dest_category": "demand_point"
      }
    },
    {
      "type": "Feature",
      "geometry": {
        "type": "LineString",
        "coordinates": [
          [
            -2.0304565640192807,
            7.087898592066821
          ],
          [
            -2.018591274241579,
            7.070650517770218
          ]
        ]
      },
      "properties": {
        "departure_time": "2025-01-04T14:44:19",
        "source_facility": 49,
        "dest_facility": 12,
        "source_category": "hospital",
        "dest_category": "demand_point"
      }
    },
    {
      "type": "Feature",
      "geometry": {
        "type": "LineString",
        "coordinates": [
          [
            -2.0304565640192807,
            7.087898592066821
          ],
          [
            -2.000409559520445,
            7.058998772809616
          ]
        ]
      },
      "properties": {
        "departure_time": "2025-01-04T14:47:55",
        "source_facility": 49,
        "dest_facility": 42,
        "source_category": "hospital",
        "dest_category": "demand_point"
      }
    },
    {
      "type": "Feature",
      "geometry": {
        "type": "LineString",
        "coordinates": [
          [
            -2.0304565640192807,
            7.087898592066821
          ],
          [
            -2.04983562229718,
            7.098420795827764
          ]
        ]
      },
      "properties": {
        "departure_time": "2025-01-04T14:49:14",
        "source_facility": 49,
        "dest_facility": 40,
        "source_category": "hospital",
        "dest_category": "demand_point"
      }
    },
    {
      "type": "Feature",
      "geometry": {
        "type": "LineString",
        "coordinates": [
          [
            -2.0304565640192807,
            7.087898592066821
          ],
          [
            -1.9989974090853124,
            7.083002795826658
          ]
        ]
      },
      "properties": {
        "departure_time": "2025-01-04T14:49:37",
        "source_facility": 49,
        "dest_facility": 35,
        "source_category": "hospital",
        "dest_category": "demand_point"
      }
    },
    {
      "type": "Feature",
      "geometry": {
        "type": "LineString",
        "coordinates": [
          [
            -2.0304565640192807,
            7.087898592066821
          ],
          [
            -2.0143547550598333,
            7.079761466260493
          ]
        ]
      },
      "properties": {
        "departure_time": "2025-01-04T14:09:53",
        "source_facility": 49,
        "dest_facility": 15,
        "source_category": "hospital",
        "dest_category": "demand_point"
      }
    },
    {
      "type": "Feature",
      "geometry": {
        "type": "LineString",
        "coordinates": [
          [
            -2.018591274241579,
            7.070650517770218
          ],
          [
            -2.0304565640192807,
            7.087898592066821
          ]
        ]
      },
      "properties": {
        "departure_time": "2025-01-04T15:46:41",
        "source_facility": 12,
        "dest_facility": 49,
        "source_category": "demand_point",
        "dest_category": "hospital"
      }
    },
    {
      "type": "Feature",
      "geometry": {
        "type": "LineString",
        "coordinates": [
          [
            -2.0299769545412634,
            7.092639109470014
          ],
          [
            -2.0304565640192807,
            7.087898592066821
          ]
        ]
      },
      "properties": {
        "departure_time": "2025-01-04T15:23:42",
        "source_facility": 28,
        "dest_facility": 49,
        "source_category": "demand_point",
        "dest_category": "hospital"
      }
    },
    {
      "type": "Feature",
      "geometry": {
        "type": "LineString",
        "coordinates": [
          [
            -2.0041165244101524,
            7.115064624825351
          ],
          [
            -2.0304565640192807,
            7.087898592066821
          ]
        ]
      },
      "properties": {
        "departure_time": "2025-01-04T15:43:19",
        "source_facility": 43,
        "dest_facility": 49,
        "source_category": "demand_point",
        "dest_category": "hospital"
      }
    },
    {
      "type": "Feature",
      "geometry": {
        "type": "LineString",
        "coordinates": [
          [
            -2.0102065430058387,
            7.079936657231173
          ],
          [
            -2.0304565640192807,
            7.087898592066821
          ]
        ]
      },
      "properties": {
        "departure_time": "2025-01-04T15:19:56",
        "source_facility": 47,
        "dest_facility": 49,
        "source_category": "demand_point",
        "dest_category": "hospital"
      }
    },
    {
      "type": "Feature",
      "geometry": {
        "type": "LineString",
        "coordinates": [
          [
            -2.0268878171331743,
            7.046207806394193
          ],
          [
            -2.0304565640192807,
            7.087898592066821
          ]
        ]
      },
      "properties": {
        "departure_time": "2025-01-04T15:41:44",
        "source_facility": 22,
        "dest_facility": 49,
        "source_category": "demand_point",
        "dest_category": "hospital"
      }
    },
    {
      "type": "Feature",
      "geometry": {
        "type": "LineString",
        "coordinates": [
          [
            -1.9871704646522543,
            7.075030796461661
          ],
          [
            -2.0304565640192807,
            7.087898592066821
          ]
        ]
      },
      "properties": {
        "departure_time": "2025-01-04T15:47:30",
        "source_facility": 41,
        "dest_facility": 49,
        "source_category": "demand_point",
        "dest_category": "hospital"
      }
    },
    {
      "type": "Feature",
      "geometry": {
        "type": "LineString",
        "coordinates": [
          [
            -2.0041165244101524,
            7.115064624825351
          ],
          [
            -2.0304565640192807,
            7.087898592066821
          ]
        ]
      },
      "properties": {
        "departure_time": "2025-01-04T15:43:39",
        "source_facility": 43,
        "dest_facility": 49,
        "source_category": "demand_point",
        "dest_category": "hospital"
      }
    },
    {
      "type": "Feature",
      "geometry": {
        "type": "LineString",
        "coordinates": [
          [
            -2.025387393508462,
            7.092639109470014
          ],
          [
            -2.0304565640192807,
            7.087898592066821
          ]
        ]
      },
      "properties": {
        "departure_time": "2025-01-04T15:33:53",
        "source_facility": 29,
        "dest_facility": 49,
        "source_category": "demand_point",
        "dest_category": "hospital"
      }
    },
    {
      "type": "Feature",
      "geometry": {
        "type": "LineString",
        "coordinates": [
          [
            -2.028564787137044,
            7.081776347887384
          ],
          [
            -2.0304565640192807,
            7.087898592066821
          ]
        ]
      },
      "properties": {
        "departure_time": "2025-01-04T15:49:36",
        "source_facility": 45,
        "dest_facility": 49,
        "source_category": "demand_point",
        "dest_category": "hospital"
      }
    },
    {
      "type": "Feature",
      "geometry": {
        "type": "LineString",
        "coordinates": [
          [
            -2.0380969340846145,
            7.058297917817541
          ],
          [
            -2.0304565640192807,
            7.087898592066821
          ]
        ]
      },
      "properties": {
        "departure_time": "2025-01-04T15:08:30",
        "source_facility": 7,
        "dest_facility": 49,
        "source_category": "demand_point",
        "dest_category": "hospital"
      }
    },
    {
      "type": "Feature",
      "geometry": {
        "type": "LineString",
        "coordinates": [
          [
            -2.029270853870067,
            7.065043713575818
          ],
          [
            -2.0304565640192807,
            7.087898592066821
          ]
        ]
      },
      "properties": {
        "departure_time": "2025-01-04T15:11:03",
        "source_facility": 10,
        "dest_facility": 49,
        "source_category": "demand_point",
        "dest_category": "hospital"
      }
    },
    {
      "type": "Feature",
      "geometry": {
        "type": "LineString",
        "coordinates": [
          [
            -2.0138252347059673,
            7.087820973627373
          ],
          [
            -2.0304565640192807,
            7.087898592066821
          ]
        ]
      },
      "properties": {
        "departure_time": "2025-01-04T15:19:15",
        "source_facility": 34,
        "dest_facility": 49,
        "source_category": "demand_point",
        "dest_category": "hospital"
      }
    },
    {
      "type": "Feature",
      "geometry": {
        "type": "LineString",
        "coordinates": [
          [
            -2.0304565640192807,
            7.087898592066821
          ],
          [
            -2.0308595337152706,
            7.086331726345293
          ]
        ]
      },
      "properties": {
        "departure_time": "2025-01-04T15:11:11",
        "source_facility": 49,
        "dest_facility": 23,
        "source_category": "hospital",
        "dest_category": "demand_point"
      }
    },
    {
      "type": "Feature",
      "geometry": {
        "type": "LineString",
        "coordinates": [
          [
            -2.0304565640192807,
            7.087898592066821
          ],
          [
            -2.027152602763737,
            7.071789402479993
          ]
        ]
      },
      "properties": {
        "departure_time": "2025-01-04T15:01:02",
        "source_facility": 49,
        "dest_facility": 14,
        "source_category": "hospital",
        "dest_category": "demand_point"
      }
    },
    {
      "type": "Feature",
      "geometry": {
        "type": "LineString",
        "coordinates": [
          [
            -2.0304565640192807,
            7.087898592066821
          ],
          [
            -2.029270853870067,
            7.065043713575818
          ]
        ]
      },
      "properties": {
        "departure_time": "2025-01-04T15:53:16",
        "source_facility": 49,
        "dest_facility": 10,
        "source_category": "hospital",
        "dest_category": "demand_point"
      }
    },
    {
      "type": "Feature",
      "geometry": {
        "type": "LineString",
        "coordinates": [
          [
            -2.0304565640192807,
            7.087898592066821
          ],
          [
            -2.066537359957824,
            7.11314797996917
          ]
        ]
      },
      "properties": {
        "departure_time": "2025-01-04T15:39:47",
        "source_facility": 49,
        "dest_facility": 2,
        "source_category": "hospital",
        "dest_category": "demand_point"
      }
    },
    {
      "type": "Feature",
      "geometry": {
        "type": "LineString",
        "coordinates": [
          [
            -2.0304565640192807,
            7.087898592066821
          ],
          [
            -2.0758140743896543,
            7.121134736144043
          ]
        ]
      },
      "properties": {
        "departure_time": "2025-01-04T15:39:20",
        "source_facility": 49,
        "dest_facility": 1,
        "source_category": "hospital",
        "dest_category": "demand_point"
      }
    },
    {
      "type": "Feature",
      "geometry": {
        "type": "LineString",
        "coordinates": [
          [
            -2.0304565640192807,
            7.087898592066821
          ],
          [
            -2.025387393508462,
            7.092639109470014
          ]
        ]
      },
      "properties": {
        "departure_time": "2025-01-04T15:00:01",
        "source_facility": 49,
        "dest_facility": 29,
        "source_category": "hospital",
        "dest_category": "demand_point"
      }
    },
    {
      "type": "Feature",
      "geometry": {
        "type": "LineString",
        "coordinates": [
          [
            -2.0304565640192807,
            7.087898592066821
          ],
          [
            -2.025387393508462,
            7.092639109470014
          ]
        ]
      },
      "properties": {
        "departure_time": "2025-01-04T15:30:56",
        "source_facility": 49,
        "dest_facility": 29,
        "source_category": "hospital",
        "dest_category": "demand_point"
      }
    },
    {
      "type": "Feature",
      "geometry": {
        "type": "LineString",
        "coordinates": [
          [
            -2.0304565640192807,
            7.087898592066821
          ],
          [
            -2.024593019647687,
            7.099033993836571
          ]
        ]
      },
      "properties": {
        "departure_time": "2025-01-04T15:27:09",
        "source_facility": 49,
        "dest_facility": 32,
        "source_category": "hospital",
        "dest_category": "demand_point"
      }
    },
    {
      "type": "Feature",
      "geometry": {
        "type": "LineString",
        "coordinates": [
          [
            -2.0304565640192807,
            7.087898592066821
          ],
          [
            -2.02229827306946,
            7.097632370720746
          ]
        ]
      },
      "properties": {
        "departure_time": "2025-01-04T15:58:26",
        "source_facility": 49,
        "dest_facility": 33,
        "source_category": "hospital",
        "dest_category": "demand_point"
      }
    },
    {
      "type": "Feature",
      "geometry": {
        "type": "LineString",
        "coordinates": [
          [
            -2.0304565640192807,
            7.087898592066821
          ],
          [
            -2.0153256413615925,
            7.113225067248564
          ]
        ]
      },
      "properties": {
        "departure_time": "2025-01-04T15:16:52",
        "source_facility": 49,
        "dest_facility": 37,
        "source_category": "hospital",
        "dest_category": "demand_point"
      }
    },
    {
      "type": "Feature",
      "geometry": {
        "type": "LineString",
        "coordinates": [
          [
            -2.0304565640192807,
            7.087898592066821
          ],
          [
            -2.029270853870067,
            7.065043713575818
          ]
        ]
      },
      "properties": {
        "departure_time": "2025-01-04T15:54:03",
        "source_facility": 49,
        "dest_facility": 10,
        "source_category": "hospital",
        "dest_category": "demand_point"
      }
    },
    {
      "type": "Feature",
      "geometry": {
        "type": "LineString",
        "coordinates": [
          [
            -2.0304565640192807,
            7.087898592066821
          ],
          [
            -2.0165612963248285,
            7.074154755837682
          ]
        ]
      },
      "properties": {
        "departure_time": "2025-01-04T15:13:55",
        "source_facility": 49,
        "dest_facility": 13,
        "source_category": "hospital",
        "dest_category": "demand_point"
      }
    },
    {
      "type": "Feature",
      "geometry": {
        "type": "LineString",
        "coordinates": [
          [
            -2.0758140743896543,
            7.121134736144043
          ],
          [
            -2.0304565640192807,
            7.087898592066821
          ]
        ]
      },
      "properties": {
        "departure_time": "2025-01-04T16:21:17",
        "source_facility": 1,
        "dest_facility": 49,
        "source_category": "demand_point",
        "dest_category": "hospital"
      }
    },
    {
      "type": "Feature",
      "geometry": {
        "type": "LineString",
        "coordinates": [
          [
            -2.0349195574251193,
            7.086857350517818
          ],
          [
            -2.0304565640192807,
            7.087898592066821
          ]
        ]
      },
      "properties": {
        "departure_time": "2025-01-04T16:31:08",
        "source_facility": 24,
        "dest_facility": 49,
        "source_category": "demand_point",
        "dest_category": "hospital"
      }
    },
    {
      "type": "Feature",
      "geometry": {
        "type": "LineString",
        "coordinates": [
          [
            -2.0199152193634804,
            7.043929925094176
          ],
          [
            -2.0304565640192807,
            7.087898592066821
          ]
        ]
      },
      "properties": {
        "departure_time": "2025-01-04T16:28:19",
        "source_facility": 19,
        "dest_facility": 49,
        "source_category": "demand_point",
        "dest_category": "hospital"
      }
    },
    {
      "type": "Feature",
      "geometry": {
        "type": "LineString",
        "coordinates": [
          [
            -2.0230926129920617,
            7.0483104483465695
          ],
          [
            -2.0304565640192807,
            7.087898592066821
          ]
        ]
      },
      "properties": {
        "departure_time": "2025-01-04T16:59:40",
        "source_facility": 20,
        "dest_facility": 49,
        "source_category": "demand_point",
        "dest_category": "hospital"
      }
    },
    {
      "type": "Feature",
      "geometry": {
        "type": "LineString",
        "coordinates": [
          [
            -2.000409559520445,
            7.058998772809616
          ],
          [
            -2.0304565640192807,
            7.087898592066821
          ]
        ]
      },
      "properties": {
        "departure_time": "2025-01-04T16:19:56",
        "source_facility": 42,
        "dest_facility": 49,
        "source_category": "demand_point",
        "dest_category": "hospital"
      }
    },
    {
      "type": "Feature",
      "geometry": {
        "type": "LineString",
        "coordinates": [
          [
            -2.026859856844731,
            7.08685725122109
          ],
          [
            -2.0304565640192807,
            7.087898592066821
          ]
        ]
      },
      "properties": {
        "departure_time": "2025-01-04T16:39:35",
        "source_facility": 50,
        "dest_facility": 49,
        "source_category": "demand_point",
        "dest_category": "hospital"
      }
    },
    {
      "type": "Feature",
      "geometry": {
        "type": "LineString",
        "coordinates": [
          [
            -2.0444517043726904,
            7.057158999873224
          ],
          [
            -2.0304565640192807,
            7.087898592066821
          ]
        ]
      },
      "properties": {
        "departure_time": "2025-01-04T16:01:27",
        "source_facility": 6,
        "dest_facility": 49,
        "source_category": "demand_point",
        "dest_category": "hospital"
      }
    },
    {
      "type": "Feature",
      "geometry": {
        "type": "LineString",
        "coordinates": [
          [
            -2.0551312500630043,
            7.053041383118824
          ],
          [
            -2.0304565640192807,
            7.087898592066821
          ]
        ]
      },
      "properties": {
        "departure_time": "2025-01-04T16:24:31",
        "source_facility": 4,
        "dest_facility": 49,
        "source_category": "demand_point",
        "dest_category": "hospital"
      }
    },
    {
      "type": "Feature",
      "geometry": {
        "type": "LineString",
        "coordinates": [
          [
            -2.0102065430058387,
            7.079936657231173
          ],
          [
            -2.0304565640192807,
            7.087898592066821
          ]
        ]
      },
      "properties": {
        "departure_time": "2025-01-04T16:25:51",
        "source_facility": 47,
        "dest_facility": 49,
        "source_category": "demand_point",
        "dest_category": "hospital"
      }
    },
    {
      "type": "Feature",
      "geometry": {
        "type": "LineString",
        "coordinates": [
          [
            -2.022916083581991,
            7.090711864549121
          ],
          [
            -2.0304565640192807,
            7.087898592066821
          ]
        ]
      },
      "properties": {
        "departure_time": "2025-01-04T16:42:43",
        "source_facility": 30,
        "dest_facility": 49,
        "source_category": "demand_point",
        "dest_category": "hospital"
      }
    },
    {
      "type": "Feature",
      "geometry": {
        "type": "LineString",
        "coordinates": [
          [
            -2.0189443330617207,
            7.08265238246257
          ],
          [
            -2.0304565640192807,
            7.087898592066821
          ]
        ]
      },
      "properties": {
        "departure_time": "2025-01-04T16:40:50",
        "source_facility": 46,
        "dest_facility": 49,
        "source_category": "demand_point",
        "dest_category": "hospital"
      }
    },
    {
      "type": "Feature",
      "geometry": {
        "type": "LineString",
        "coordinates": [
          [
            -2.026859856844731,
            7.08685725122109
          ],
          [
            -2.0304565640192807,
            7.087898592066821
          ]
        ]
      },
      "properties": {
        "departure_time": "2025-01-04T16:35:01",
        "source_facility": 50,
        "dest_facility": 49,
        "source_category": "demand_point",
        "dest_category": "hospital"
      }
    },
    {
      "type": "Feature",
      "geometry": {
        "type": "LineString",
        "coordinates": [
          [
            -2.0304565640192807,
            7.087898592066821
          ],
          [
            -1.9838165416136024,
            7.1010487995842055
          ]
        ]
      },
      "properties": {
        "departure_time": "2025-01-04T16:19:55",
        "source_facility": 49,
        "dest_facility": 16,
        "source_category": "hospital",
        "dest_category": "demand_point"
      }
    },
    {
      "type": "Feature",
      "geometry": {
        "type": "LineString",
        "coordinates": [
          [
            -2.0304565640192807,
            7.087898592066821
          ],
          [
            -1.9871704646522543,
            7.075030796461661
          ]
        ]
      },
      "properties": {
        "departure_time": "2025-01-04T16:55:43",
        "source_facility": 49,
        "dest_facility": 41,
        "source_category": "hospital",
        "dest_category": "demand_point"
      }
    },
    {
      "type": "Feature",
      "geometry": {
        "type": "LineString",
        "coordinates": [
          [
            -2.0304565640192807,
            7.087898592066821
          ],
          [
            -2.0231808692125535,
            7.107268378115208
          ]
        ]
      },
      "properties": {
        "departure_time": "2025-01-04T16:17:24",
        "source_facility": 49,
        "dest_facility": 38,
        "source_category": "hospital",
        "dest_category": "demand_point"
      }
    },
    {
      "type": "Feature",
      "geometry": {
        "type": "LineString",
        "coordinates": [
          [
            -2.0304565640192807,
            7.087898592066821
          ],
          [
            -2.062280394211856,
            7.077571350345309
          ]
        ]
      },
      "properties": {
        "departure_time": "2025-01-04T16:31:50",
        "source_facility": 49,
        "dest_facility": 25,
        "source_category": "hospital",
        "dest_category": "demand_point"
      }
    },
    {
      "type": "Feature",
      "geometry": {
        "type": "LineString",
        "coordinates": [
          [
            -2.0304565640192807,
            7.087898592066821
          ],
          [
            -2.0299769545412634,
            7.079235825577825
          ]
        ]
      },
      "properties": {
        "departure_time": "2025-01-04T16:08:55",
        "source_facility": 49,
        "dest_facility": 44,
        "source_category": "hospital",
        "dest_category": "demand_point"
      }
    },
    {
      "type": "Feature",
      "geometry": {
        "type": "LineString",
        "coordinates": [
          [
            -2.0304565640192807,
            7.087898592066821
          ],
          [
            -2.04983562229718,
            7.098420795827764
          ]
        ]
      },
      "properties": {
        "departure_time": "2025-01-04T16:03:35",
        "source_facility": 49,
        "dest_facility": 40,
        "source_category": "hospital",
        "dest_category": "demand_point"
      }
    },
    {
      "type": "Feature",
      "geometry": {
        "type": "LineString",
        "coordinates": [
          [
            -2.0304565640192807,
            7.087898592066821
          ],
          [
            -2.0358903928196193,
            7.055406823961107
          ]
        ]
      },
      "properties": {
        "departure_time": "2025-01-04T16:04:29",
        "source_facility": 49,
        "dest_facility": 8,
        "source_category": "hospital",
        "dest_category": "demand_point"
      }
    },
    {
      "type": "Feature",
      "geometry": {
        "type": "LineString",
        "coordinates": [
          [
            -2.0304565640192807,
            7.087898592066821
          ],
          [
            -2.027152602763737,
            7.071789402479993
          ]
        ]
      },
      "properties": {
        "departure_time": "2025-01-04T16:42:35",
        "source_facility": 49,
        "dest_facility": 14,
        "source_category": "hospital",
        "dest_category": "demand_point"
      }
    },
    {
      "type": "Feature",
      "geometry": {
        "type": "LineString",
        "coordinates": [
          [
            -2.0304565640192807,
            7.087898592066821
          ],
          [
            -2.066537359957824,
            7.11314797996917
          ]
        ]
      },
      "properties": {
        "departure_time": "2025-01-04T16:52:12",
        "source_facility": 49,
        "dest_facility": 2,
        "source_category": "hospital",
        "dest_category": "demand_point"
      }
    },
    {
      "type": "Feature",
      "geometry": {
        "type": "LineString",
        "coordinates": [
          [
            -2.0304565640192807,
            7.087898592066821
          ],
          [
            -2.018591274241579,
            7.070650517770218
          ]
        ]
      },
      "properties": {
        "departure_time": "2025-01-04T16:42:34",
        "source_facility": 49,
        "dest_facility": 12,
        "source_category": "hospital",
        "dest_category": "demand_point"
      }
    },
    {
      "type": "Feature",
      "geometry": {
        "type": "LineString",
        "coordinates": [
          [
            -2.0304565640192807,
            7.087898592066821
          ],
          [
            -2.0041165244101524,
            7.115064624825351
          ]
        ]
      },
      "properties": {
        "departure_time": "2025-01-04T16:44:32",
        "source_facility": 49,
        "dest_facility": 43,
        "source_category": "hospital",
        "dest_category": "demand_point"
      }
    },
    {
      "type": "Feature",
      "geometry": {
        "type": "LineString",
        "coordinates": [
          [
            -2.0304565640192807,
            7.087898592066821
          ],
          [
            -2.0299769545412634,
            7.092639109470014
          ]
        ]
      },
      "properties": {
        "departure_time": "2025-01-04T16:38:50",
        "source_facility": 49,
        "dest_facility": 28,
        "source_category": "hospital",
        "dest_category": "demand_point"
      }
    },
    {
      "type": "Feature",
      "geometry": {
        "type": "LineString",
        "coordinates": [
          [
            -2.034036944312939,
            7.092989515239779
          ],
          [
            -2.0304565640192807,
            7.087898592066821
          ]
        ]
      },
      "properties": {
        "departure_time": "2025-01-04T17:49:27",
        "source_facility": 27,
        "dest_facility": 49,
        "source_category": "demand_point",
        "dest_category": "hospital"
      }
    },
    {
      "type": "Feature",
      "geometry": {
        "type": "LineString",
        "coordinates": [
          [
            -2.028564787137044,
            7.081776347887384
          ],
          [
            -2.0304565640192807,
            7.087898592066821
          ]
        ]
      },
      "properties": {
        "departure_time": "2025-01-04T17:02:13",
        "source_facility": 45,
        "dest_facility": 49,
        "source_category": "demand_point",
        "dest_category": "hospital"
      }
    },
    {
      "type": "Feature",
      "geometry": {
        "type": "LineString",
        "coordinates": [
          [
            -2.043392595788612,
            7.092901918032936
          ],
          [
            -2.0304565640192807,
            7.087898592066821
          ]
        ]
      },
      "properties": {
        "departure_time": "2025-01-04T17:36:00",
        "source_facility": 39,
        "dest_facility": 49,
        "source_category": "demand_point",
        "dest_category": "hospital"
      }
    },
    {
      "type": "Feature",
      "geometry": {
        "type": "LineString",
        "coordinates": [
          [
            -2.0358903928196193,
            7.055406823961107
          ],
          [
            -2.0304565640192807,
            7.087898592066821
          ]
        ]
      },
      "properties": {
        "departure_time": "2025-01-04T17:38:22",
        "source_facility": 8,
        "dest_facility": 49,
        "source_category": "demand_point",
        "dest_category": "hospital"
      }
    },
    {
      "type": "Feature",
      "geometry": {
        "type": "LineString",
        "coordinates": [
          [
            -2.0380969340846145,
            7.058297917817541
          ],
          [
            -2.0304565640192807,
            7.087898592066821
          ]
        ]
      },
      "properties": {
        "departure_time": "2025-01-04T17:32:20",
        "source_facility": 7,
        "dest_facility": 49,
        "source_category": "demand_point",
        "dest_category": "hospital"
      }
    },
    {
      "type": "Feature",
      "geometry": {
        "type": "LineString",
        "coordinates": [
          [
            -2.018591274241579,
            7.070650517770218
          ],
          [
            -2.0304565640192807,
            7.087898592066821
          ]
        ]
      },
      "properties": {
        "departure_time": "2025-01-04T17:19:38",
        "source_facility": 12,
        "dest_facility": 49,
        "source_category": "demand_point",
        "dest_category": "hospital"
      }
    },
    {
      "type": "Feature",
      "geometry": {
        "type": "LineString",
        "coordinates": [
          [
            -2.04983562229718,
            7.098420795827764
          ],
          [
            -2.0304565640192807,
            7.087898592066821
          ]
        ]
      },
      "properties": {
        "departure_time": "2025-01-04T17:13:07",
        "source_facility": 40,
        "dest_facility": 49,
        "source_category": "demand_point",
        "dest_category": "hospital"
      }
    },
    {
      "type": "Feature",
      "geometry": {
        "type": "LineString",
        "coordinates": [
          [
            -2.0231808692125535,
            7.107268378115208
          ],
          [
            -2.0304565640192807,
            7.087898592066821
          ]
        ]
      },
      "properties": {
        "departure_time": "2025-01-04T17:18:50",
        "source_facility": 38,
        "dest_facility": 49,
        "source_category": "demand_point",
        "dest_category": "hospital"
      }
    },
    {
      "type": "Feature",
      "geometry": {
        "type": "LineString",
        "coordinates": [
          [
            -2.029270853870067,
            7.065043713575818
          ],
          [
            -2.0304565640192807,
            7.087898592066821
          ]
        ]
      },
      "properties": {
        "departure_time": "2025-01-04T17:59:12",
        "source_facility": 10,
        "dest_facility": 49,
        "source_category": "demand_point",
        "dest_category": "hospital"
      }
    },
    {
      "type": "Feature",
      "geometry": {
        "type": "LineString",
        "coordinates": [
          [
            -2.0243450816239754,
            7.0873009873500195
          ],
          [
            -2.0304565640192807,
            7.087898592066821
          ]
        ]
      },
      "properties": {
        "departure_time": "2025-01-04T17:51:05",
        "source_facility": 51,
        "dest_facility": 49,
        "source_category": "demand_point",
        "dest_category": "hospital"
      }
    },
    {
      "type": "Feature",
      "geometry": {
        "type": "LineString",
        "coordinates": [
          [
            -2.0299769545412634,
            7.079235825577825
          ],
          [
            -2.0304565640192807,
            7.087898592066821
          ]
        ]
      },
      "properties": {
        "departure_time": "2025-01-04T17:07:58",
        "source_facility": 44,
        "dest_facility": 49,
        "source_category": "demand_point",
        "dest_category": "hospital"
      }
    },
    {
      "type": "Feature",
      "geometry": {
        "type": "LineString",
        "coordinates": [
          [
            -2.0758140743896543,
            7.121134736144043
          ],
          [
            -2.0304565640192807,
            7.087898592066821
          ]
        ]
      },
      "properties": {
        "departure_time": "2025-01-04T17:17:28",
        "source_facility": 1,
        "dest_facility": 49,
        "source_category": "demand_point",
        "dest_category": "hospital"
      }
    },
    {
      "type": "Feature",
      "geometry": {
        "type": "LineString",
        "coordinates": [
          [
            -2.0304565640192807,
            7.087898592066821
          ],
          [
            -2.04983562229718,
            7.098420795827764
          ]
        ]
      },
      "properties": {
        "departure_time": "2025-01-04T17:21:57",
        "source_facility": 49,
        "dest_facility": 40,
        "source_category": "hospital",
        "dest_category": "demand_point"
      }
    },
    {
      "type": "Feature",
      "geometry": {
        "type": "LineString",
        "coordinates": [
          [
            -2.0304565640192807,
            7.087898592066821
          ],
          [
            -2.025686298656466,
            7.085470565066515
          ]
        ]
      },
      "properties": {
        "departure_time": "2025-01-04T17:45:39",
        "source_facility": 49,
        "dest_facility": 53,
        "source_category": "hospital",
        "dest_category": "demand_point"
      }
    },
    {
      "type": "Feature",
      "geometry": {
        "type": "LineString",
        "coordinates": [
          [
            -2.0304565640192807,
            7.087898592066821
          ],
          [
            -2.0102065430058387,
            7.079936657231173
          ]
        ]
      },
      "properties": {
        "departure_time": "2025-01-04T17:45:06",
        "source_facility": 49,
        "dest_facility": 47,
        "source_category": "hospital",
        "dest_category": "demand_point"
      }
    },
    {
      "type": "Feature",
      "geometry": {
        "type": "LineString",
        "coordinates": [
          [
            -2.0304565640192807,
            7.087898592066821
          ],
          [
            -2.029270853870067,
            7.065043713575818
          ]
        ]
      },
      "properties": {
        "departure_time": "2025-01-04T17:42:24",
        "source_facility": 49,
        "dest_facility": 10,
        "source_category": "hospital",
        "dest_category": "demand_point"
      }
    },
    {
      "type": "Feature",
      "geometry": {
        "type": "LineString",
        "coordinates": [
          [
            -2.0304565640192807,
            7.087898592066821
          ],
          [
            -2.0299769545412634,
            7.092639109470014
          ]
        ]
      },
      "properties": {
        "departure_time": "2025-01-04T17:56:32",
        "source_facility": 49,
        "dest_facility": 28,
        "source_category": "hospital",
        "dest_category": "demand_point"
      }
    },
    {
      "type": "Feature",
      "geometry": {
        "type": "LineString",
        "coordinates": [
          [
            -2.0304565640192807,
            7.087898592066821
          ],
          [
            -2.025387393508462,
            7.092639109470014
          ]
        ]
      },
      "properties": {
        "departure_time": "2025-01-04T17:24:55",
        "source_facility": 49,
        "dest_facility": 29,
        "source_category": "hospital",
        "dest_category": "demand_point"
      }
    },
    {
      "type": "Feature",
      "geometry": {
        "type": "LineString",
        "coordinates": [
          [
            -2.0304565640192807,
            7.087898592066821
          ],
          [
            -2.0153256413615925,
            7.113225067248564
          ]
        ]
      },
      "properties": {
        "departure_time": "2025-01-04T17:43:17",
        "source_facility": 49,
        "dest_facility": 37,
        "source_category": "hospital",
        "dest_category": "demand_point"
      }
    },
    {
      "type": "Feature",
      "geometry": {
        "type": "LineString",
        "coordinates": [
          [
            -2.0304565640192807,
            7.087898592066821
          ],
          [
            -2.029270853870067,
            7.065043713575818
          ]
        ]
      },
      "properties": {
        "departure_time": "2025-01-04T17:26:14",
        "source_facility": 49,
        "dest_facility": 10,
        "source_category": "hospital",
        "dest_category": "demand_point"
      }
    },
    {
      "type": "Feature",
      "geometry": {
        "type": "LineString",
        "coordinates": [
          [
            -2.0304565640192807,
            7.087898592066821
          ],
          [
            -2.018591274241579,
            7.070650517770218
          ]
        ]
      },
      "properties": {
        "departure_time": "2025-01-04T17:36:49",
        "source_facility": 49,
        "dest_facility": 12,
        "source_category": "hospital",
        "dest_category": "demand_point"
      }
    },
    {
      "type": "Feature",
      "geometry": {
        "type": "LineString",
        "coordinates": [
          [
            -2.0304565640192807,
            7.087898592066821
          ],
          [
            -2.0189443330617207,
            7.08265238246257
          ]
        ]
      },
      "properties": {
        "departure_time": "2025-01-04T17:39:26",
        "source_facility": 49,
        "dest_facility": 46,
        "source_category": "hospital",
        "dest_category": "demand_point"
      }
    },
    {
      "type": "Feature",
      "geometry": {
        "type": "LineString",
        "coordinates": [
          [
            -2.0304565640192807,
            7.087898592066821
          ],
          [
            -2.025387393508462,
            7.092639109470014
          ]
        ]
      },
      "properties": {
        "departure_time": "2025-01-04T17:39:56",
        "source_facility": 49,
        "dest_facility": 29,
        "source_category": "hospital",
        "dest_category": "demand_point"
      }
    },
    {
      "type": "Feature",
      "geometry": {
        "type": "LineString",
        "coordinates": [
          [
            -2.0304565640192807,
            7.087898592066821
          ],
          [
            -2.0268878171331743,
            7.046207806394193
          ]
        ]
      },
      "properties": {
        "departure_time": "2025-01-04T17:07:41",
        "source_facility": 49,
        "dest_facility": 22,
        "source_category": "hospital",
        "dest_category": "demand_point"
      }
    },
    {
      "type": "Feature",
      "geometry": {
        "type": "LineString",
        "coordinates": [
          [
            -2.025387393508462,
            7.092639109470014
          ],
          [
            -2.0304565640192807,
            7.087898592066821
          ]
        ]
      },
      "properties": {
        "departure_time": "2025-01-04T18:47:17",
        "source_facility": 29,
        "dest_facility": 49,
        "source_category": "demand_point",
        "dest_category": "hospital"
      }
    },
    {
      "type": "Feature",
      "geometry": {
        "type": "LineString",
        "coordinates": [
          [
            -2.000409559520445,
            7.058998772809616
          ],
          [
            -2.0304565640192807,
            7.087898592066821
          ]
        ]
      },
      "properties": {
        "departure_time": "2025-01-04T18:26:27",
        "source_facility": 42,
        "dest_facility": 49,
        "source_category": "demand_point",
        "dest_category": "hospital"
      }
    },
    {
      "type": "Feature",
      "geometry": {
        "type": "LineString",
        "coordinates": [
          [
            -2.067046484654728,
            7.080549888265168
          ],
          [
            -2.0304565640192807,
            7.087898592066821
          ]
        ]
      },
      "properties": {
        "departure_time": "2025-01-04T18:58:29",
        "source_facility": 26,
        "dest_facility": 49,
        "source_category": "demand_point",
        "dest_category": "hospital"
      }
    },
    {
      "type": "Feature",
      "geometry": {
        "type": "LineString",
        "coordinates": [
          [
            -2.0153256413615925,
            7.113225067248564
          ],
          [
            -2.0304565640192807,
            7.087898592066821
          ]
        ]
      },
      "properties": {
        "departure_time": "2025-01-04T18:06:39",
        "source_facility": 37,
        "dest_facility": 49,
        "source_category": "demand_point",
        "dest_category": "hospital"
      }
    },
    {
      "type": "Feature",
      "geometry": {
        "type": "LineString",
        "coordinates": [
          [
            -2.064972608543962,
            7.107989786843518
          ],
          [
            -2.0304565640192807,
            7.087898592066821
          ]
        ]
      },
      "properties": {
        "departure_time": "2025-01-04T18:21:11",
        "source_facility": 3,
        "dest_facility": 49,
        "source_category": "demand_point",
        "dest_category": "hospital"
      }
    },
    {
      "type": "Feature",
      "geometry": {
        "type": "LineString",
        "coordinates": [
          [
            -2.062280394211856,
            7.077571350345309
          ],
          [
            -2.0304565640192807,
            7.087898592066821
          ]
        ]
      },
      "properties": {
        "departure_time": "2025-01-04T18:11:15",
        "source_facility": 25,
        "dest_facility": 49,
        "source_category": "demand_point",
        "dest_category": "hospital"
      }
    },
    {
      "type": "Feature",
      "geometry": {
        "type": "LineString",
        "coordinates": [
          [
            -2.0244009625332526,
            7.089519661584831
          ],
          [
            -2.0304565640192807,
            7.087898592066821
          ]
        ]
      },
      "properties": {
        "departure_time": "2025-01-04T18:21:51",
        "source_facility": 52,
        "dest_facility": 49,
        "source_category": "demand_point",
        "dest_category": "hospital"
      }
    },
    {
      "type": "Feature",
      "geometry": {
        "type": "LineString",
        "coordinates": [
          [
            -2.0444517043726904,
            7.057158999873224
          ],
          [
            -2.0304565640192807,
            7.087898592066821
          ]
        ]
      },
      "properties": {
        "departure_time": "2025-01-04T18:41:47",
        "source_facility": 6,
        "dest_facility": 49,
        "source_category": "demand_point",
        "dest_category": "hospital"
      }
    },
    {
      "type": "Feature",
      "geometry": {
        "type": "LineString",
        "coordinates": [
          [
            -2.0153256413615925,
            7.113225067248564
          ],
          [
            -2.0304565640192807,
            7.087898592066821
          ]
        ]
      },
      "properties": {
        "departure_time": "2025-01-04T18:55:28",
        "source_facility": 37,
        "dest_facility": 49,
        "source_category": "demand_point",
        "dest_category": "hospital"
      }
    },
    {
      "type": "Feature",
      "geometry": {
        "type": "LineString",
        "coordinates": [
          [
            -2.0304565640192807,
            7.087898592066821
          ],
          [
            -2.043392595788612,
            7.092901918032936
          ]
        ]
      },
      "properties": {
        "departure_time": "2025-01-04T18:40:55",
        "source_facility": 49,
        "dest_facility": 39,
        "source_category": "hospital",
        "dest_category": "demand_point"
      }
    },
    {
      "type": "Feature",
      "geometry": {
        "type": "LineString",
        "coordinates": [
          [
            -2.0304565640192807,
            7.087898592066821
          ],
          [
            -2.0102065430058387,
            7.079936657231173
          ]
        ]
      },
      "properties": {
        "departure_time": "2025-01-04T18:29:46",
        "source_facility": 49,
        "dest_facility": 47,
        "source_category": "hospital",
        "dest_category": "demand_point"
      }
    },
    {
      "type": "Feature",
      "geometry": {
        "type": "LineString",
        "coordinates": [
          [
            -2.0304565640192807,
            7.087898592066821
          ],
          [
            -2.0444517043726904,
            7.057158999873224
          ]
        ]
      },
      "properties": {
        "departure_time": "2025-01-04T18:33:22",
        "source_facility": 49,
        "dest_facility": 6,
        "source_category": "hospital",
        "dest_category": "demand_point"
      }
    },
    {
      "type": "Feature",
      "geometry": {
        "type": "LineString",
        "coordinates": [
          [
            -2.0304565640192807,
            7.087898592066821
          ],
          [
            -2.062280394211856,
            7.077571350345309
          ]
        ]
      },
      "properties": {
        "departure_time": "2025-01-04T18:25:45",
        "source_facility": 49,
        "dest_facility": 25,
        "source_category": "hospital",
        "dest_category": "demand_point"
      }
    },
    {
      "type": "Feature",
      "geometry": {
        "type": "LineString",
        "coordinates": [
          [
            -2.0304565640192807,
            7.087898592066821
          ],
          [
            -1.9871704646522543,
            7.075030796461661
          ]
        ]
      },
      "properties": {
        "departure_time": "2025-01-04T18:47:11",
        "source_facility": 49,
        "dest_facility": 41,
        "source_category": "hospital",
        "dest_category": "demand_point"
      }
    },
    {
      "type": "Feature",
      "geometry": {
        "type": "LineString",
        "coordinates": [
          [
            -2.0304565640192807,
            7.087898592066821
          ],
          [
            -2.0326247599396328,
            7.062941139205009
          ]
        ]
      },
      "properties": {
        "departure_time": "2025-01-04T18:32:01",
        "source_facility": 49,
        "dest_facility": 9,
        "source_category": "hospital",
        "dest_category": "demand_point"
      }
    },
    {
      "type": "Feature",
      "geometry": {
        "type": "LineString",
        "coordinates": [
          [
            -2.0304565640192807,
            7.087898592066821
          ],
          [
            -2.024593019647687,
            7.099033993836571
          ]
        ]
      },
      "properties": {
        "departure_time": "2025-01-04T18:35:16",
        "source_facility": 49,
        "dest_facility": 32,
        "source_category": "hospital",
        "dest_category": "demand_point"
      }
    },
    {
      "type": "Feature",
      "geometry": {
        "type": "LineString",
        "coordinates": [
          [
            -2.0304565640192807,
            7.087898592066821
          ],
          [
            -2.064972608543962,
            7.107989786843518
          ]
        ]
      },
      "properties": {
        "departure_time": "2025-01-04T18:20:56",
        "source_facility": 49,
        "dest_facility": 3,
        "source_category": "hospital",
        "dest_category": "demand_point"
      }
    },
    {
      "type": "Feature",
      "geometry": {
        "type": "LineString",
        "coordinates": [
          [
            -2.0304565640192807,
            7.087898592066821
          ],
          [
            -2.025387393508462,
            7.092639109470014
          ]
        ]
      },
      "properties": {
        "departure_time": "2025-01-04T18:37:35",
        "source_facility": 49,
        "dest_facility": 29,
        "source_category": "hospital",
        "dest_category": "demand_point"
      }
    },
    {
      "type": "Feature",
      "geometry": {
        "type": "LineString",
        "coordinates": [
          [
            -2.0326247599396328,
            7.062941139205009
          ],
          [
            -2.0304565640192807,
            7.087898592066821
          ]
        ]
      },
      "properties": {
        "departure_time": "2025-01-04T19:23:11",
        "source_facility": 9,
        "dest_facility": 49,
        "source_category": "demand_point",
        "dest_category": "hospital"
      }
    },
    {
      "type": "Feature",
      "geometry": {
        "type": "LineString",
        "coordinates": [
          [
            -2.0243450816239754,
            7.0873009873500195
          ],
          [
            -2.0304565640192807,
            7.087898592066821
          ]
        ]
      },
      "properties": {
        "departure_time": "2025-01-04T19:18:43",
        "source_facility": 51,
        "dest_facility": 49,
        "source_category": "demand_point",
        "dest_category": "hospital"
      }
    },
    {
      "type": "Feature",
      "geometry": {
        "type": "LineString",
        "coordinates": [
          [
            -2.0308595337152706,
            7.086331726345293
          ],
          [
            -2.0304565640192807,
            7.087898592066821
          ]
        ]
      },
      "properties": {
        "departure_time": "2025-01-04T19:10:27",
        "source_facility": 23,
        "dest_facility": 49,
        "source_category": "demand_point",
        "dest_category": "hospital"
      }
    },
    {
      "type": "Feature",
      "geometry": {
        "type": "LineString",
        "coordinates": [
          [
            -2.067046484654728,
            7.080549888265168
          ],
          [
            -2.0304565640192807,
            7.087898592066821
          ]
        ]
      },
      "properties": {
        "departure_time": "2025-01-04T19:49:21",
        "source_facility": 26,
        "dest_facility": 49,
        "source_category": "demand_point",
        "dest_category": "hospital"
      }
    },
    {
      "type": "Feature",
      "geometry": {
        "type": "LineString",
        "coordinates": [
          [
            -2.0230926129920617,
            7.0483104483465695
          ],
          [
            -2.0304565640192807,
            7.087898592066821
          ]
        ]
      },
      "properties": {
        "departure_time": "2025-01-04T19:44:26",
        "source_facility": 20,
        "dest_facility": 49,
        "source_category": "demand_point",
        "dest_category": "hospital"
      }
    },
    {
      "type": "Feature",
      "geometry": {
        "type": "LineString",
        "coordinates": [
          [
            -2.0349195574251193,
            7.086857350517818
          ],
          [
            -2.0304565640192807,
            7.087898592066821
          ]
        ]
      },
      "properties": {
        "departure_time": "2025-01-04T19:41:53",
        "source_facility": 24,
        "dest_facility": 49,
        "source_category": "demand_point",
        "dest_category": "hospital"
      }
    },
    {
      "type": "Feature",
      "geometry": {
        "type": "LineString",
        "coordinates": [
          [
            -2.025387393508462,
            7.092639109470014
          ],
          [
            -2.0304565640192807,
            7.087898592066821
          ]
        ]
      },
      "properties": {
        "departure_time": "2025-01-04T19:33:25",
        "source_facility": 29,
        "dest_facility": 49,
        "source_category": "demand_point",
        "dest_category": "hospital"
      }
    },
    {
      "type": "Feature",
      "geometry": {
        "type": "LineString",
        "coordinates": [
          [
            -2.0758140743896543,
            7.121134736144043
          ],
          [
            -2.0304565640192807,
            7.087898592066821
          ]
        ]
      },
      "properties": {
        "departure_time": "2025-01-04T19:16:49",
        "source_facility": 1,
        "dest_facility": 49,
        "source_category": "demand_point",
        "dest_category": "hospital"
      }
    },
    {
      "type": "Feature",
      "geometry": {
        "type": "LineString",
        "coordinates": [
          [
            -2.029270853870067,
            7.065043713575818
          ],
          [
            -2.0304565640192807,
            7.087898592066821
          ]
        ]
      },
      "properties": {
        "departure_time": "2025-01-04T19:18:14",
        "source_facility": 10,
        "dest_facility": 49,
        "source_category": "demand_point",
        "dest_category": "hospital"
      }
    },
    {
      "type": "Feature",
      "geometry": {
        "type": "LineString",
        "coordinates": [
          [
            -2.0304565640192807,
            7.087898592066821
          ],
          [
            -2.0199152193634804,
            7.043929925094176
          ]
        ]
      },
      "properties": {
        "departure_time": "2025-01-04T19:45:37",
        "source_facility": 49,
        "dest_facility": 19,
        "source_category": "hospital",
        "dest_category": "demand_point"
      }
    },
    {
      "type": "Feature",
      "geometry": {
        "type": "LineString",
        "coordinates": [
          [
            -2.0304565640192807,
            7.087898592066821
          ],
          [
            -2.025387393508462,
            7.092639109470014
          ]
        ]
      },
      "properties": {
        "departure_time": "2025-01-04T19:53:49",
        "source_facility": 49,
        "dest_facility": 29,
        "source_category": "hospital",
        "dest_category": "demand_point"
      }
    },
    {
      "type": "Feature",
      "geometry": {
        "type": "LineString",
        "coordinates": [
          [
            -2.0304565640192807,
            7.087898592066821
          ],
          [
            -2.0041165244101524,
            7.115064624825351
          ]
        ]
      },
      "properties": {
        "departure_time": "2025-01-04T19:59:02",
        "source_facility": 49,
        "dest_facility": 43,
        "source_category": "hospital",
        "dest_category": "demand_point"
      }
    },
    {
      "type": "Feature",
      "geometry": {
        "type": "LineString",
        "coordinates": [
          [
            -2.0304565640192807,
            7.087898592066821
          ],
          [
            -2.0380969340846145,
            7.058297917817541
          ]
        ]
      },
      "properties": {
        "departure_time": "2025-01-04T19:47:10",
        "source_facility": 49,
        "dest_facility": 7,
        "source_category": "hospital",
        "dest_category": "demand_point"
      }
    },
    {
      "type": "Feature",
      "geometry": {
        "type": "LineString",
        "coordinates": [
          [
            -2.0304565640192807,
            7.087898592066821
          ],
          [
            -2.02062130306559,
            7.099296798748014
          ]
        ]
      },
      "properties": {
        "departure_time": "2025-01-04T19:05:05",
        "source_facility": 49,
        "dest_facility": 48,
        "source_category": "hospital",
        "dest_category": "demand_point"
      }
    },
    {
      "type": "Feature",
      "geometry": {
        "type": "LineString",
        "coordinates": [
          [
            -2.0304565640192807,
            7.087898592066821
          ],
          [
            -2.0231808692125535,
            7.107268378115208
          ]
        ]
      },
      "properties": {
        "departure_time": "2025-01-04T19:55:13",
        "source_facility": 49,
        "dest_facility": 38,
        "source_category": "hospital",
        "dest_category": "demand_point"
      }
    },
    {
      "type": "Feature",
      "geometry": {
        "type": "LineString",
        "coordinates": [
          [
            -2.0304565640192807,
            7.087898592066821
          ],
          [
            -2.0048226081122626,
            7.1016619940897385
          ]
        ]
      },
      "properties": {
        "departure_time": "2025-01-04T19:30:19",
        "source_facility": 49,
        "dest_facility": 36,
        "source_category": "hospital",
        "dest_category": "demand_point"
      }
    },
    {
      "type": "Feature",
      "geometry": {
        "type": "LineString",
        "coordinates": [
          [
            -2.0304565640192807,
            7.087898592066821
          ],
          [
            -2.02229827306946,
            7.097632370720746
          ]
        ]
      },
      "properties": {
        "departure_time": "2025-01-04T19:41:43",
        "source_facility": 49,
        "dest_facility": 33,
        "source_category": "hospital",
        "dest_category": "demand_point"
      }
    },
    {
      "type": "Feature",
      "geometry": {
        "type": "LineString",
        "coordinates": [
          [
            -2.0304565640192807,
            7.087898592066821
          ],
          [
            -2.0268878171331743,
            7.046207806394193
          ]
        ]
      },
      "properties": {
        "departure_time": "2025-01-04T19:43:16",
        "source_facility": 49,
        "dest_facility": 22,
        "source_category": "hospital",
        "dest_category": "demand_point"
      }
    },
    {
      "type": "Feature",
      "geometry": {
        "type": "LineString",
        "coordinates": [
          [
            -2.04983562229718,
            7.098420795827764
          ],
          [
            -2.0304565640192807,
            7.087898592066821
          ]
        ]
      },
      "properties": {
        "departure_time": "2025-01-04T20:01:14",
        "source_facility": 40,
        "dest_facility": 49,
        "source_category": "demand_point",
        "dest_category": "hospital"
      }
    },
    {
      "type": "Feature",
      "geometry": {
        "type": "LineString",
        "coordinates": [
          [
            -2.0395973407402397,
            7.051026350958836
          ],
          [
            -2.0304565640192807,
            7.087898592066821
          ]
        ]
      },
      "properties": {
        "departure_time": "2025-01-04T20:46:16",
        "source_facility": 5,
        "dest_facility": 49,
        "source_category": "demand_point",
        "dest_category": "hospital"
      }
    },
    {
      "type": "Feature",
      "geometry": {
        "type": "LineString",
        "coordinates": [
          [
            -2.0268878171331743,
            7.046207806394193
          ],
          [
            -2.0304565640192807,
            7.087898592066821
          ]
        ]
      },
      "properties": {
        "departure_time": "2025-01-04T20:39:33",
        "source_facility": 22,
        "dest_facility": 49,
        "source_category": "demand_point",
        "dest_category": "hospital"
      }
    },
    {
      "type": "Feature",
      "geometry": {
        "type": "LineString",
        "coordinates": [
          [
            -1.9989974090853124,
            7.083002795826658
          ],
          [
            -2.0304565640192807,
            7.087898592066821
          ]
        ]
      },
      "properties": {
        "departure_time": "2025-01-04T20:17:05",
        "source_facility": 35,
        "dest_facility": 49,
        "source_category": "demand_point",
        "dest_category": "hospital"
      }
    },
    {
      "type": "Feature",
      "geometry": {
        "type": "LineString",
        "coordinates": [
          [
            -2.0048226081122626,
            7.1016619940897385
          ],
          [
            -2.0304565640192807,
            7.087898592066821
          ]
        ]
      },
      "properties": {
        "departure_time": "2025-01-04T20:16:17",
        "source_facility": 36,
        "dest_facility": 49,
        "source_category": "demand_point",
        "dest_category": "hospital"
      }
    },
    {
      "type": "Feature",
      "geometry": {
        "type": "LineString",
        "coordinates": [
          [
            -2.0165612963248285,
            7.074154755837682
          ],
          [
            -2.0304565640192807,
            7.087898592066821
          ]
        ]
      },
      "properties": {
        "departure_time": "2025-01-04T20:51:05",
        "source_facility": 13,
        "dest_facility": 49,
        "source_category": "demand_point",
        "dest_category": "hospital"
      }
    },
    {
      "type": "Feature",
      "geometry": {
        "type": "LineString",
        "coordinates": [
          [
            -2.025686298656466,
            7.085470565066515
          ],
          [
            -2.0304565640192807,
            7.087898592066821
          ]
        ]
      },
      "properties": {
        "departure_time": "2025-01-04T20:22:50",
        "source_facility": 53,
        "dest_facility": 49,
        "source_category": "demand_point",
        "dest_category": "hospital"
      }
    },
    {
      "type": "Feature",
      "geometry": {
        "type": "LineString",
        "coordinates": [
          [
            -1.9838165416136024,
            7.1010487995842055
          ],
          [
            -2.0304565640192807,
            7.087898592066821
          ]
        ]
      },
      "properties": {
        "departure_time": "2025-01-04T20:29:10",
        "source_facility": 16,
        "dest_facility": 49,
        "source_category": "demand_point",
        "dest_category": "hospital"
      }
    },
    {
      "type": "Feature",
      "geometry": {
        "type": "LineString",
        "coordinates": [
          [
            -2.0138252347059673,
            7.087820973627373
          ],
          [
            -2.0304565640192807,
            7.087898592066821
          ]
        ]
      },
      "properties": {
        "departure_time": "2025-01-04T20:16:25",
        "source_facility": 34,
        "dest_facility": 49,
        "source_category": "demand_point",
        "dest_category": "hospital"
      }
    },
    {
      "type": "Feature",
      "geometry": {
        "type": "LineString",
        "coordinates": [
          [
            -2.0304565640192807,
            7.087898592066821
          ],
          [
            -2.0758140743896543,
            7.121134736144043
          ]
        ]
      },
      "properties": {
        "departure_time": "2025-01-04T20:26:14",
        "source_facility": 49,
        "dest_facility": 1,
        "source_category": "hospital",
        "dest_category": "demand_point"
      }
    },
    {
      "type": "Feature",
      "geometry": {
        "type": "LineString",
        "coordinates": [
          [
            -2.0304565640192807,
            7.087898592066821
          ],
          [
            -2.0758140743896543,
            7.121134736144043
          ]
        ]
      },
      "properties": {
        "departure_time": "2025-01-04T20:58:27",
        "source_facility": 49,
        "dest_facility": 1,
        "source_category": "hospital",
        "dest_category": "demand_point"
      }
    },
    {
      "type": "Feature",
      "geometry": {
        "type": "LineString",
        "coordinates": [
          [
            -2.0304565640192807,
            7.087898592066821
          ],
          [
            -2.04983562229718,
            7.098420795827764
          ]
        ]
      },
      "properties": {
        "departure_time": "2025-01-04T20:26:48",
        "source_facility": 49,
        "dest_facility": 40,
        "source_category": "hospital",
        "dest_category": "demand_point"
      }
    },
    {
      "type": "Feature",
      "geometry": {
        "type": "LineString",
        "coordinates": [
          [
            -2.0304565640192807,
            7.087898592066821
          ],
          [
            -2.0102065430058387,
            7.079936657231173
          ]
        ]
      },
      "properties": {
        "departure_time": "2025-01-04T20:55:59",
        "source_facility": 49,
        "dest_facility": 47,
        "source_category": "hospital",
        "dest_category": "demand_point"
      }
    },
    {
      "type": "Feature",
      "geometry": {
        "type": "LineString",
        "coordinates": [
          [
            -2.0304565640192807,
            7.087898592066821
          ],
          [
            -2.02229827306946,
            7.097632370720746
          ]
        ]
      },
      "properties": {
        "departure_time": "2025-01-04T20:21:06",
        "source_facility": 49,
        "dest_facility": 33,
        "source_category": "hospital",
        "dest_category": "demand_point"
      }
    },
    {
      "type": "Feature",
      "geometry": {
        "type": "LineString",
        "coordinates": [
          [
            -2.0304565640192807,
            7.087898592066821
          ],
          [
            -2.0153256413615925,
            7.113225067248564
          ]
        ]
      },
      "properties": {
        "departure_time": "2025-01-04T20:39:00",
        "source_facility": 49,
        "dest_facility": 37,
        "source_category": "hospital",
        "dest_category": "demand_point"
      }
    },
    {
      "type": "Feature",
      "geometry": {
        "type": "LineString",
        "coordinates": [
          [
            -2.0304565640192807,
            7.087898592066821
          ],
          [
            -2.025387393508462,
            7.092639109470014
          ]
        ]
      },
      "properties": {
        "departure_time": "2025-01-04T20:12:13",
        "source_facility": 49,
        "dest_facility": 29,
        "source_category": "hospital",
        "dest_category": "demand_point"
      }
    },
    {
      "type": "Feature",
      "geometry": {
        "type": "LineString",
        "coordinates": [
          [
            -2.0304565640192807,
            7.087898592066821
          ],
          [
            -2.0231808692125535,
            7.107268378115208
          ]
        ]
      },
      "properties": {
        "departure_time": "2025-01-04T20:52:50",
        "source_facility": 49,
        "dest_facility": 38,
        "source_category": "hospital",
        "dest_category": "demand_point"
      }
    },
    {
      "type": "Feature",
      "geometry": {
        "type": "LineString",
        "coordinates": [
          [
            -2.0304565640192807,
            7.087898592066821
          ],
          [
            -2.0165612963248285,
            7.074154755837682
          ]
        ]
      },
      "properties": {
        "departure_time": "2025-01-04T20:09:31",
        "source_facility": 49,
        "dest_facility": 13,
        "source_category": "hospital",
        "dest_category": "demand_point"
      }
    },
    {
      "type": "Feature",
      "geometry": {
        "type": "LineString",
        "coordinates": [
          [
            -1.9989974090853124,
            7.083002795826658
          ],
          [
            -2.0304565640192807,
            7.087898592066821
          ]
        ]
      },
      "properties": {
        "departure_time": "2025-01-04T21:38:47",
        "source_facility": 35,
        "dest_facility": 49,
        "source_category": "demand_point",
        "dest_category": "hospital"
      }
    },
    {
      "type": "Feature",
      "geometry": {
        "type": "LineString",
        "coordinates": [
          [
            -2.034036944312939,
            7.092989515239779
          ],
          [
            -2.0304565640192807,
            7.087898592066821
          ]
        ]
      },
      "properties": {
        "departure_time": "2025-01-04T21:43:31",
        "source_facility": 27,
        "dest_facility": 49,
        "source_category": "demand_point",
        "dest_category": "hospital"
      }
    },
    {
      "type": "Feature",
      "geometry": {
        "type": "LineString",
        "coordinates": [
          [
            -2.0380969340846145,
            7.058297917817541
          ],
          [
            -2.0304565640192807,
            7.087898592066821
          ]
        ]
      },
      "properties": {
        "departure_time": "2025-01-04T21:39:23",
        "source_facility": 7,
        "dest_facility": 49,
        "source_category": "demand_point",
        "dest_category": "hospital"
      }
    },
    {
      "type": "Feature",
      "geometry": {
        "type": "LineString",
        "coordinates": [
          [
            -1.970136114735691,
            7.093252323602712
          ],
          [
            -2.0304565640192807,
            7.087898592066821
          ]
        ]
      },
      "properties": {
        "departure_time": "2025-01-04T21:27:49",
        "source_facility": 17,
        "dest_facility": 49,
        "source_category": "demand_point",
        "dest_category": "hospital"
      }
    },
    {
      "type": "Feature",
      "geometry": {
        "type": "LineString",
        "coordinates": [
          [
            -2.0143547550598333,
            7.079761466260493
          ],
          [
            -2.0304565640192807,
            7.087898592066821
          ]
        ]
      },
      "properties": {
        "departure_time": "2025-01-04T21:56:00",
        "source_facility": 15,
        "dest_facility": 49,
        "source_category": "demand_point",
        "dest_category": "hospital"
      }
    },
    {
      "type": "Feature",
      "geometry": {
        "type": "LineString",
        "coordinates": [
          [
            -1.970136114735691,
            7.093252323602712
          ],
          [
            -2.0304565640192807,
            7.087898592066821
          ]
        ]
      },
      "properties": {
        "departure_time": "2025-01-04T21:04:27",
        "source_facility": 17,
        "dest_facility": 49,
        "source_category": "demand_point",
        "dest_category": "hospital"
      }
    },
    {
      "type": "Feature",
      "geometry": {
        "type": "LineString",
        "coordinates": [
          [
            -2.0304565640192807,
            7.087898592066821
          ],
          [
            -2.0244009625332526,
            7.089519661584831
          ]
        ]
      },
      "properties": {
        "departure_time": "2025-01-04T21:45:44",
        "source_facility": 49,
        "dest_facility": 52,
        "source_category": "hospital",
        "dest_category": "demand_point"
      }
    },
    {
      "type": "Feature",
      "geometry": {
        "type": "LineString",
        "coordinates": [
          [
            -2.0304565640192807,
            7.087898592066821
          ],
          [
            -2.04983562229718,
            7.098420795827764
          ]
        ]
      },
      "properties": {
        "departure_time": "2025-01-04T21:37:29",
        "source_facility": 49,
        "dest_facility": 40,
        "source_category": "hospital",
        "dest_category": "demand_point"
      }
    },
    {
      "type": "Feature",
      "geometry": {
        "type": "LineString",
        "coordinates": [
          [
            -2.0304565640192807,
            7.087898592066821
          ],
          [
            -2.0299769545412634,
            7.079235825577825
          ]
        ]
      },
      "properties": {
        "departure_time": "2025-01-04T21:00:25",
        "source_facility": 49,
        "dest_facility": 44,
        "source_category": "hospital",
        "dest_category": "demand_point"
      }
    },
    {
      "type": "Feature",
      "geometry": {
        "type": "LineString",
        "coordinates": [
          [
            -2.0304565640192807,
            7.087898592066821
          ],
          [
            -2.062280394211856,
            7.077571350345309
          ]
        ]
      },
      "properties": {
        "departure_time": "2025-01-04T21:41:18",
        "source_facility": 49,
        "dest_facility": 25,
        "source_category": "hospital",
        "dest_category": "demand_point"
      }
    },
    {
      "type": "Feature",
      "geometry": {
        "type": "LineString",
        "coordinates": [
          [
            -2.0304565640192807,
            7.087898592066821
          ],
          [
            -2.0299769545412634,
            7.079235825577825
          ]
        ]
      },
      "properties": {
        "departure_time": "2025-01-04T21:59:45",
        "source_facility": 49,
        "dest_facility": 44,
        "source_category": "hospital",
        "dest_category": "demand_point"
      }
    },
    {
      "type": "Feature",
      "geometry": {
        "type": "LineString",
        "coordinates": [
          [
            -2.0304565640192807,
            7.087898592066821
          ],
          [
            -2.066537359957824,
            7.11314797996917
          ]
        ]
      },
      "properties": {
        "departure_time": "2025-01-04T21:33:04",
        "source_facility": 49,
        "dest_facility": 2,
        "source_category": "hospital",
        "dest_category": "demand_point"
      }
    },
    {
      "type": "Feature",
      "geometry": {
        "type": "LineString",
        "coordinates": [
          [
            -2.0102065430058387,
            7.079936657231173
          ],
          [
            -2.0304565640192807,
            7.087898592066821
          ]
        ]
      },
      "properties": {
        "departure_time": "2025-01-04T22:01:38",
        "source_facility": 47,
        "dest_facility": 49,
        "source_category": "demand_point",
        "dest_category": "hospital"
      }
    },
    {
      "type": "Feature",
      "geometry": {
        "type": "LineString",
        "coordinates": [
          [
            -1.9989974090853124,
            7.083002795826658
          ],
          [
            -2.0304565640192807,
            7.087898592066821
          ]
        ]
      },
      "properties": {
        "departure_time": "2025-01-04T22:56:09",
        "source_facility": 35,
        "dest_facility": 49,
        "source_category": "demand_point",
        "dest_category": "hospital"
      }
    },
    {
      "type": "Feature",
      "geometry": {
        "type": "LineString",
        "coordinates": [
          [
            -2.025387393508462,
            7.092639109470014
          ],
          [
            -2.0304565640192807,
            7.087898592066821
          ]
        ]
      },
      "properties": {
        "departure_time": "2025-01-04T22:30:31",
        "source_facility": 29,
        "dest_facility": 49,
        "source_category": "demand_point",
        "dest_category": "hospital"
      }
    },
    {
      "type": "Feature",
      "geometry": {
        "type": "LineString",
        "coordinates": [
          [
            -2.066537359957824,
            7.11314797996917
          ],
          [
            -2.0304565640192807,
            7.087898592066821
          ]
        ]
      },
      "properties": {
        "departure_time": "2025-01-04T22:45:41",
        "source_facility": 2,
        "dest_facility": 49,
        "source_category": "demand_point",
        "dest_category": "hospital"
      }
    },
    {
      "type": "Feature",
      "geometry": {
        "type": "LineString",
        "coordinates": [
          [
            -1.9989974090853124,
            7.083002795826658
          ],
          [
            -2.0304565640192807,
            7.087898592066821
          ]
        ]
      },
      "properties": {
        "departure_time": "2025-01-04T22:12:38",
        "source_facility": 35,
        "dest_facility": 49,
        "source_category": "demand_point",
        "dest_category": "hospital"
      }
    },
    {
      "type": "Feature",
      "geometry": {
        "type": "LineString",
        "coordinates": [
          [
            -1.9838165416136024,
            7.1010487995842055
          ],
          [
            -2.0304565640192807,
            7.087898592066821
          ]
        ]
      },
      "properties": {
        "departure_time": "2025-01-04T22:12:14",
        "source_facility": 16,
        "dest_facility": 49,
        "source_category": "demand_point",
        "dest_category": "hospital"
      }
    },
    {
      "type": "Feature",
      "geometry": {
        "type": "LineString",
        "coordinates": [
          [
            -2.0304565640192807,
            7.087898592066821
          ],
          [
            -2.0199152193634804,
            7.043929925094176
          ]
        ]
      },
      "properties": {
        "departure_time": "2025-01-04T22:12:45",
        "source_facility": 49,
        "dest_facility": 19,
        "source_category": "hospital",
        "dest_category": "demand_point"
      }
    },
    {
      "type": "Feature",
      "geometry": {
        "type": "LineString",
        "coordinates": [
          [
            -2.0304565640192807,
            7.087898592066821
          ],
          [
            -2.025686298656466,
            7.085470565066515
          ]
        ]
      },
      "properties": {
        "departure_time": "2025-01-04T22:11:23",
        "source_facility": 49,
        "dest_facility": 53,
        "source_category": "hospital",
        "dest_category": "demand_point"
      }
    },
    {
      "type": "Feature",
      "geometry": {
        "type": "LineString",
        "coordinates": [
          [
            -2.0304565640192807,
            7.087898592066821
          ],
          [
            -2.000409559520445,
            7.058998772809616
          ]
        ]
      },
      "properties": {
        "departure_time": "2025-01-04T22:30:47",
        "source_facility": 49,
        "dest_facility": 42,
        "source_category": "hospital",
        "dest_category": "demand_point"
      }
    },
    {
      "type": "Feature",
      "geometry": {
        "type": "LineString",
        "coordinates": [
          [
            -2.0304565640192807,
            7.087898592066821
          ],
          [
            -2.0252108640983915,
            7.0645180561415515
          ]
        ]
      },
      "properties": {
        "departure_time": "2025-01-04T22:29:58",
        "source_facility": 49,
        "dest_facility": 11,
        "source_category": "hospital",
        "dest_category": "demand_point"
      }
    },
    {
      "type": "Feature",
      "geometry": {
        "type": "LineString",
        "coordinates": [
          [
            -2.0304565640192807,
            7.087898592066821
          ],
          [
            -2.034036944312939,
            7.092989515239779
          ]
        ]
      },
      "properties": {
        "departure_time": "2025-01-04T22:37:32",
        "source_facility": 49,
        "dest_facility": 27,
        "source_category": "hospital",
        "dest_category": "demand_point"
      }
    },
    {
      "type": "Feature",
      "geometry": {
        "type": "LineString",
        "coordinates": [
          [
            -2.0304565640192807,
            7.087898592066821
          ],
          [
            -2.0041165244101524,
            7.115064624825351
          ]
        ]
      },
      "properties": {
        "departure_time": "2025-01-04T22:19:10",
        "source_facility": 49,
        "dest_facility": 43,
        "source_category": "hospital",
        "dest_category": "demand_point"
      }
    },
    {
      "type": "Feature",
      "geometry": {
        "type": "LineString",
        "coordinates": [
          [
            -2.0358903928196193,
            7.055406823961107
          ],
          [
            -2.0304565640192807,
            7.087898592066821
          ]
        ]
      },
      "properties": {
        "departure_time": "2025-01-04T23:46:44",
        "source_facility": 8,
        "dest_facility": 49,
        "source_category": "demand_point",
        "dest_category": "hospital"
      }
    },
    {
      "type": "Feature",
      "geometry": {
        "type": "LineString",
        "coordinates": [
          [
            -2.034036944312939,
            7.092989515239779
          ],
          [
            -2.0304565640192807,
            7.087898592066821
          ]
        ]
      },
      "properties": {
        "departure_time": "2025-01-04T23:23:01",
        "source_facility": 27,
        "dest_facility": 49,
        "source_category": "demand_point",
        "dest_category": "hospital"
      }
    },
    {
      "type": "Feature",
      "geometry": {
        "type": "LineString",
        "coordinates": [
          [
            -1.9989974090853124,
            7.083002795826658
          ],
          [
            -2.0304565640192807,
            7.087898592066821
          ]
        ]
      },
      "properties": {
        "departure_time": "2025-01-04T23:53:48",
        "source_facility": 35,
        "dest_facility": 49,
        "source_category": "demand_point",
        "dest_category": "hospital"
      }
    },
    {
      "type": "Feature",
      "geometry": {
        "type": "LineString",
        "coordinates": [
          [
            -2.0304565640192807,
            7.087898592066821
          ],
          [
            -2.0231808692125535,
            7.107268378115208
          ]
        ]
      },
      "properties": {
        "departure_time": "2025-01-04T23:19:57",
        "source_facility": 49,
        "dest_facility": 38,
        "source_category": "hospital",
        "dest_category": "demand_point"
      }
    },
    {
      "type": "Feature",
      "geometry": {
        "type": "LineString",
        "coordinates": [
          [
            -2.0304565640192807,
            7.087898592066821
          ],
          [
            -2.0165612963248285,
            7.074154755837682
          ]
        ]
      },
      "properties": {
        "departure_time": "2025-01-04T23:07:37",
        "source_facility": 49,
        "dest_facility": 13,
        "source_category": "hospital",
        "dest_category": "demand_point"
      }
    },
    {
      "type": "Feature",
      "geometry": {
        "type": "LineString",
        "coordinates": [
          [
            -2.0304565640192807,
            7.087898592066821
          ],
          [
            -2.0041165244101524,
            7.115064624825351
          ]
        ]
      },
      "properties": {
        "departure_time": "2025-01-04T23:05:19",
        "source_facility": 49,
        "dest_facility": 43,
        "source_category": "hospital",
        "dest_category": "demand_point"
      }
    }
  ]
}